-- --------------------------------------------------------
-- Host:                         172.65.10.52
-- Versión del servidor:         10.11.4-MariaDB-1~deb12u1 - Debian 12
-- SO del servidor:              debian-linux-gnu
-- HeidiSQL Versión:             12.6.0.6765
-- --------------------------------------------------------

/*!40101 SET @OLD_CHARACTER_SET_CLIENT=@@CHARACTER_SET_CLIENT */;
/*!40101 SET NAMES utf8 */;
/*!50503 SET NAMES utf8mb4 */;
/*!40103 SET @OLD_TIME_ZONE=@@TIME_ZONE */;
/*!40103 SET TIME_ZONE='+00:00' */;
/*!40014 SET @OLD_FOREIGN_KEY_CHECKS=@@FOREIGN_KEY_CHECKS, FOREIGN_KEY_CHECKS=0 */;
/*!40101 SET @OLD_SQL_MODE=@@SQL_MODE, SQL_MODE='NO_AUTO_VALUE_ON_ZERO' */;
/*!40111 SET @OLD_SQL_NOTES=@@SQL_NOTES, SQL_NOTES=0 */;


-- Volcando estructura de base de datos para sendpost
CREATE DATABASE IF NOT EXISTS `sendpost` /*!40100 DEFAULT CHARACTER SET utf8mb4 COLLATE utf8mb4_general_ci */;
USE `sendpost`;

-- Volcando estructura para tabla sendpost.events
CREATE TABLE IF NOT EXISTS `events` (
  `id` bigint(20) unsigned NOT NULL AUTO_INCREMENT,
  `action` varchar(50) DEFAULT NULL,
  `user_id` bigint(20) unsigned NOT NULL,
  `codigo` varchar(50) DEFAULT NULL,
  `descripcion` text DEFAULT NULL,
  `created_at` timestamp NULL DEFAULT NULL,
  `updated_at` timestamp NULL DEFAULT NULL,
  PRIMARY KEY (`id`)
) ENGINE=InnoDB DEFAULT CHARSET=utf8mb4 COLLATE=utf8mb4_general_ci;

-- Volcando datos para la tabla sendpost.events: ~0 rows (aproximadamente)

-- Volcando estructura para tabla sendpost.failed_jobs
CREATE TABLE IF NOT EXISTS `failed_jobs` (
  `id` bigint(20) unsigned NOT NULL AUTO_INCREMENT,
  `uuid` varchar(255) NOT NULL,
  `connection` text NOT NULL,
  `queue` text NOT NULL,
  `payload` longtext NOT NULL,
  `exception` longtext NOT NULL,
  `failed_at` timestamp NOT NULL DEFAULT current_timestamp(),
  PRIMARY KEY (`id`),
  UNIQUE KEY `failed_jobs_uuid_unique` (`uuid`)
) ENGINE=InnoDB DEFAULT CHARSET=utf8mb4 COLLATE=utf8mb4_unicode_ci;

-- Volcando datos para la tabla sendpost.failed_jobs: ~0 rows (aproximadamente)

-- Volcando estructura para tabla sendpost.migrations
CREATE TABLE IF NOT EXISTS `migrations` (
  `id` int(10) unsigned NOT NULL AUTO_INCREMENT,
  `migration` varchar(255) NOT NULL,
  `batch` int(11) NOT NULL,
  PRIMARY KEY (`id`)
) ENGINE=InnoDB AUTO_INCREMENT=7 DEFAULT CHARSET=utf8mb4 COLLATE=utf8mb4_unicode_ci;

-- Volcando datos para la tabla sendpost.migrations: ~6 rows (aproximadamente)
INSERT INTO `migrations` (`id`, `migration`, `batch`) VALUES
	(1, '2014_10_12_000000_create_users_table', 1),
	(2, '2014_10_12_100000_create_password_reset_tokens_table', 1),
	(3, '2019_08_19_000000_create_failed_jobs_table', 1),
	(4, '2019_12_14_000001_create_personal_access_tokens_table', 1),
	(5, '2023_06_07_000001_create_pulse_tables', 1),
	(6, '2024_07_09_222147_create_permission_tables', 1);

-- Volcando estructura para tabla sendpost.model_has_permissions
CREATE TABLE IF NOT EXISTS `model_has_permissions` (
  `permission_id` bigint(20) unsigned NOT NULL,
  `model_type` varchar(255) NOT NULL,
  `model_id` bigint(20) unsigned NOT NULL,
  PRIMARY KEY (`permission_id`,`model_id`,`model_type`),
  KEY `model_has_permissions_model_id_model_type_index` (`model_id`,`model_type`),
  CONSTRAINT `model_has_permissions_permission_id_foreign` FOREIGN KEY (`permission_id`) REFERENCES `permissions` (`id`) ON DELETE CASCADE
) ENGINE=InnoDB DEFAULT CHARSET=utf8mb4 COLLATE=utf8mb4_unicode_ci;

-- Volcando datos para la tabla sendpost.model_has_permissions: ~0 rows (aproximadamente)

-- Volcando estructura para tabla sendpost.model_has_roles
CREATE TABLE IF NOT EXISTS `model_has_roles` (
  `role_id` bigint(20) unsigned NOT NULL,
  `model_type` varchar(255) NOT NULL,
  `model_id` bigint(20) unsigned NOT NULL,
  PRIMARY KEY (`role_id`,`model_id`,`model_type`),
  KEY `model_has_roles_model_id_model_type_index` (`model_id`,`model_type`),
  CONSTRAINT `model_has_roles_role_id_foreign` FOREIGN KEY (`role_id`) REFERENCES `roles` (`id`) ON DELETE CASCADE
) ENGINE=InnoDB DEFAULT CHARSET=utf8mb4 COLLATE=utf8mb4_unicode_ci;

-- Volcando datos para la tabla sendpost.model_has_roles: ~2 rows (aproximadamente)
INSERT INTO `model_has_roles` (`role_id`, `model_type`, `model_id`) VALUES
	(1, 'App\\Models\\User', 1),
	(1, 'App\\Models\\User', 2);

-- Volcando estructura para tabla sendpost.paquetes
CREATE TABLE IF NOT EXISTS `paquetes` (
  `id` int(11) unsigned NOT NULL AUTO_INCREMENT,
  `codigo` varchar(50) DEFAULT NULL,
  `intento` int(11) DEFAULT NULL,
  `destinatario` text DEFAULT NULL,
  `estado` varchar(50) DEFAULT NULL,
  `accion` varchar(50) DEFAULT NULL,
  `cuidad` varchar(50) DEFAULT NULL,
  `peso` float(8,3) DEFAULT NULL,
  `user` text DEFAULT NULL,
  `observacion` text DEFAULT NULL,
  `firma` text DEFAULT NULL,
  `photo` longtext DEFAULT NULL,
  `sys` varchar(50) DEFAULT NULL,
  `created_at` timestamp NULL DEFAULT NULL,
  `updated_at` timestamp NULL DEFAULT NULL,
  `deleted_at` timestamp NULL DEFAULT NULL,
  PRIMARY KEY (`id`)
) ENGINE=InnoDB DEFAULT CHARSET=utf8mb4 COLLATE=utf8mb4_general_ci;

-- Volcando datos para la tabla sendpost.paquetes: ~0 rows (aproximadamente)

-- Volcando estructura para tabla sendpost.password_reset_tokens
CREATE TABLE IF NOT EXISTS `password_reset_tokens` (
  `email` varchar(255) NOT NULL,
  `token` varchar(255) NOT NULL,
  `created_at` timestamp NULL DEFAULT NULL,
  PRIMARY KEY (`email`)
) ENGINE=InnoDB DEFAULT CHARSET=utf8mb4 COLLATE=utf8mb4_unicode_ci;

-- Volcando datos para la tabla sendpost.password_reset_tokens: ~0 rows (aproximadamente)

-- Volcando estructura para tabla sendpost.permissions
CREATE TABLE IF NOT EXISTS `permissions` (
  `id` bigint(20) unsigned NOT NULL AUTO_INCREMENT,
  `name` varchar(255) NOT NULL,
  `guard_name` varchar(255) NOT NULL,
  `created_at` timestamp NULL DEFAULT NULL,
  `updated_at` timestamp NULL DEFAULT NULL,
  PRIMARY KEY (`id`),
  UNIQUE KEY `permissions_name_guard_name_unique` (`name`,`guard_name`)
) ENGINE=InnoDB AUTO_INCREMENT=6 DEFAULT CHARSET=utf8mb4 COLLATE=utf8mb4_unicode_ci;

-- Volcando datos para la tabla sendpost.permissions: ~5 rows (aproximadamente)
INSERT INTO `permissions` (`id`, `name`, `guard_name`, `created_at`, `updated_at`) VALUES
	(1, 'paquetes.entregas', 'web', '2025-02-26 01:16:34', '2025-02-26 01:16:34'),
	(2, 'paquetes.despacho', 'web', '2025-02-26 01:16:49', '2025-02-26 01:16:49'),
	(3, 'paquetes.inventario', 'web', '2025-02-26 01:17:15', '2025-02-26 01:17:15'),
	(4, 'paquetes.distribuicion', 'web', '2025-02-26 01:17:29', '2025-02-26 01:17:29'),
	(5, 'odin', 'web', '2025-02-26 23:13:02', '2025-02-26 23:13:02');

-- Volcando estructura para tabla sendpost.personal_access_tokens
CREATE TABLE IF NOT EXISTS `personal_access_tokens` (
  `id` bigint(20) unsigned NOT NULL AUTO_INCREMENT,
  `tokenable_type` varchar(255) NOT NULL,
  `tokenable_id` bigint(20) unsigned NOT NULL,
  `name` varchar(255) NOT NULL,
  `token` varchar(64) NOT NULL,
  `abilities` text DEFAULT NULL,
  `last_used_at` timestamp NULL DEFAULT NULL,
  `expires_at` timestamp NULL DEFAULT NULL,
  `created_at` timestamp NULL DEFAULT NULL,
  `updated_at` timestamp NULL DEFAULT NULL,
  PRIMARY KEY (`id`),
  UNIQUE KEY `personal_access_tokens_token_unique` (`token`),
  KEY `personal_access_tokens_tokenable_type_tokenable_id_index` (`tokenable_type`,`tokenable_id`)
) ENGINE=InnoDB DEFAULT CHARSET=utf8mb4 COLLATE=utf8mb4_unicode_ci;

-- Volcando datos para la tabla sendpost.personal_access_tokens: ~0 rows (aproximadamente)

-- Volcando estructura para tabla sendpost.pulse_aggregates
CREATE TABLE IF NOT EXISTS `pulse_aggregates` (
  `id` bigint(20) unsigned NOT NULL AUTO_INCREMENT,
  `bucket` int(10) unsigned NOT NULL,
  `period` mediumint(8) unsigned NOT NULL,
  `type` varchar(255) NOT NULL,
  `key` mediumtext NOT NULL,
  `key_hash` binary(16) GENERATED ALWAYS AS (unhex(md5(`key`))) VIRTUAL,
  `aggregate` varchar(255) NOT NULL,
  `value` decimal(20,2) NOT NULL,
  `count` int(10) unsigned DEFAULT NULL,
  PRIMARY KEY (`id`),
  UNIQUE KEY `pulse_aggregates_bucket_period_type_aggregate_key_hash_unique` (`bucket`,`period`,`type`,`aggregate`,`key_hash`),
  KEY `pulse_aggregates_period_bucket_index` (`period`,`bucket`),
  KEY `pulse_aggregates_type_index` (`type`),
  KEY `pulse_aggregates_period_type_aggregate_bucket_index` (`period`,`type`,`aggregate`,`bucket`)
) ENGINE=InnoDB AUTO_INCREMENT=1877 DEFAULT CHARSET=utf8mb4 COLLATE=utf8mb4_unicode_ci;

-- Volcando datos para la tabla sendpost.pulse_aggregates: ~0 rows (aproximadamente)
INSERT INTO `pulse_aggregates` (`id`, `bucket`, `period`, `type`, `key`, `aggregate`, `value`, `count`) VALUES
	(1, 1741616760, 60, 'user_request', '1', 'count', 1.00, NULL),
	(2, 1741616640, 360, 'user_request', '1', 'count', 2.00, NULL),
	(3, 1741616640, 1440, 'user_request', '1', 'count', 12.00, NULL),
	(4, 1741612320, 10080, 'user_request', '1', 'count', 12.00, NULL),
	(5, 1741616760, 60, 'cache_hit', 'spatie.permission.cache', 'count', 10.00, NULL),
	(6, 1741616640, 360, 'cache_hit', 'spatie.permission.cache', 'count', 13.00, NULL),
	(7, 1741616640, 1440, 'cache_hit', 'spatie.permission.cache', 'count', 52.00, NULL),
	(8, 1741612320, 10080, 'cache_hit', 'spatie.permission.cache', 'count', 52.00, NULL),
	(45, 1741616820, 60, 'cache_hit', 'spatie.permission.cache', 'count', 3.00, NULL),
	(57, 1741616820, 60, 'user_request', '1', 'count', 1.00, NULL),
	(61, 1741616820, 60, 'cache_miss', 'lv:v3.11.2:file:fb933160-error.log.9.gz:metadata', 'count', 1.00, NULL),
	(62, 1741616640, 360, 'cache_miss', 'lv:v3.11.2:file:fb933160-error.log.9.gz:metadata', 'count', 1.00, NULL),
	(63, 1741616640, 1440, 'cache_miss', 'lv:v3.11.2:file:fb933160-error.log.9.gz:metadata', 'count', 1.00, NULL),
	(64, 1741612320, 10080, 'cache_miss', 'lv:v3.11.2:file:fb933160-error.log.9.gz:metadata', 'count', 1.00, NULL),
	(65, 1741616820, 60, 'cache_miss', 'lv:v3.11.2:file:fad49617-error.log.8.gz:metadata', 'count', 1.00, NULL),
	(66, 1741616640, 360, 'cache_miss', 'lv:v3.11.2:file:fad49617-error.log.8.gz:metadata', 'count', 1.00, NULL),
	(67, 1741616640, 1440, 'cache_miss', 'lv:v3.11.2:file:fad49617-error.log.8.gz:metadata', 'count', 1.00, NULL),
	(68, 1741612320, 10080, 'cache_miss', 'lv:v3.11.2:file:fad49617-error.log.8.gz:metadata', 'count', 1.00, NULL),
	(69, 1741616820, 60, 'cache_miss', 'lv:v3.11.2:file:a846fcb6-error.log.7.gz:metadata', 'count', 1.00, NULL),
	(70, 1741616640, 360, 'cache_miss', 'lv:v3.11.2:file:a846fcb6-error.log.7.gz:metadata', 'count', 1.00, NULL),
	(71, 1741616640, 1440, 'cache_miss', 'lv:v3.11.2:file:a846fcb6-error.log.7.gz:metadata', 'count', 1.00, NULL),
	(72, 1741612320, 10080, 'cache_miss', 'lv:v3.11.2:file:a846fcb6-error.log.7.gz:metadata', 'count', 1.00, NULL),
	(73, 1741616820, 60, 'cache_miss', 'lv:v3.11.2:file:c2a6b6ea-error.log.6.gz:metadata', 'count', 1.00, NULL),
	(74, 1741616640, 360, 'cache_miss', 'lv:v3.11.2:file:c2a6b6ea-error.log.6.gz:metadata', 'count', 1.00, NULL),
	(75, 1741616640, 1440, 'cache_miss', 'lv:v3.11.2:file:c2a6b6ea-error.log.6.gz:metadata', 'count', 1.00, NULL),
	(76, 1741612320, 10080, 'cache_miss', 'lv:v3.11.2:file:c2a6b6ea-error.log.6.gz:metadata', 'count', 1.00, NULL),
	(77, 1741616820, 60, 'cache_miss', 'lv:v3.11.2:file:5a02fdbc-error.log.5.gz:metadata', 'count', 1.00, NULL),
	(78, 1741616640, 360, 'cache_miss', 'lv:v3.11.2:file:5a02fdbc-error.log.5.gz:metadata', 'count', 1.00, NULL),
	(79, 1741616640, 1440, 'cache_miss', 'lv:v3.11.2:file:5a02fdbc-error.log.5.gz:metadata', 'count', 1.00, NULL),
	(80, 1741612320, 10080, 'cache_miss', 'lv:v3.11.2:file:5a02fdbc-error.log.5.gz:metadata', 'count', 1.00, NULL),
	(81, 1741616820, 60, 'cache_miss', 'lv:v3.11.2:file:fb212820-error.log.4.gz:metadata', 'count', 1.00, NULL),
	(82, 1741616640, 360, 'cache_miss', 'lv:v3.11.2:file:fb212820-error.log.4.gz:metadata', 'count', 1.00, NULL),
	(83, 1741616640, 1440, 'cache_miss', 'lv:v3.11.2:file:fb212820-error.log.4.gz:metadata', 'count', 1.00, NULL),
	(84, 1741612320, 10080, 'cache_miss', 'lv:v3.11.2:file:fb212820-error.log.4.gz:metadata', 'count', 1.00, NULL),
	(85, 1741616820, 60, 'cache_miss', 'lv:v3.11.2:file:b6ce8292-error.log.3.gz:metadata', 'count', 1.00, NULL),
	(86, 1741616640, 360, 'cache_miss', 'lv:v3.11.2:file:b6ce8292-error.log.3.gz:metadata', 'count', 1.00, NULL),
	(87, 1741616640, 1440, 'cache_miss', 'lv:v3.11.2:file:b6ce8292-error.log.3.gz:metadata', 'count', 1.00, NULL),
	(88, 1741612320, 10080, 'cache_miss', 'lv:v3.11.2:file:b6ce8292-error.log.3.gz:metadata', 'count', 1.00, NULL),
	(89, 1741616820, 60, 'cache_miss', 'lv:v3.11.2:file:3f377e46-error.log.2.gz:metadata', 'count', 1.00, NULL),
	(90, 1741616640, 360, 'cache_miss', 'lv:v3.11.2:file:3f377e46-error.log.2.gz:metadata', 'count', 1.00, NULL),
	(91, 1741616640, 1440, 'cache_miss', 'lv:v3.11.2:file:3f377e46-error.log.2.gz:metadata', 'count', 1.00, NULL),
	(92, 1741612320, 10080, 'cache_miss', 'lv:v3.11.2:file:3f377e46-error.log.2.gz:metadata', 'count', 1.00, NULL),
	(93, 1741616820, 60, 'cache_miss', 'lv:v3.11.2:file:4fa27d53-error.log.14.gz:metadata', 'count', 1.00, NULL),
	(94, 1741616640, 360, 'cache_miss', 'lv:v3.11.2:file:4fa27d53-error.log.14.gz:metadata', 'count', 1.00, NULL),
	(95, 1741616640, 1440, 'cache_miss', 'lv:v3.11.2:file:4fa27d53-error.log.14.gz:metadata', 'count', 1.00, NULL),
	(96, 1741612320, 10080, 'cache_miss', 'lv:v3.11.2:file:4fa27d53-error.log.14.gz:metadata', 'count', 1.00, NULL),
	(97, 1741616820, 60, 'cache_miss', 'lv:v3.11.2:file:227afce2-error.log.13.gz:metadata', 'count', 1.00, NULL),
	(98, 1741616640, 360, 'cache_miss', 'lv:v3.11.2:file:227afce2-error.log.13.gz:metadata', 'count', 1.00, NULL),
	(99, 1741616640, 1440, 'cache_miss', 'lv:v3.11.2:file:227afce2-error.log.13.gz:metadata', 'count', 1.00, NULL),
	(100, 1741612320, 10080, 'cache_miss', 'lv:v3.11.2:file:227afce2-error.log.13.gz:metadata', 'count', 1.00, NULL),
	(101, 1741616820, 60, 'cache_miss', 'lv:v3.11.2:file:74bd32b4-error.log.12.gz:metadata', 'count', 1.00, NULL),
	(102, 1741616640, 360, 'cache_miss', 'lv:v3.11.2:file:74bd32b4-error.log.12.gz:metadata', 'count', 1.00, NULL),
	(103, 1741616640, 1440, 'cache_miss', 'lv:v3.11.2:file:74bd32b4-error.log.12.gz:metadata', 'count', 1.00, NULL),
	(104, 1741612320, 10080, 'cache_miss', 'lv:v3.11.2:file:74bd32b4-error.log.12.gz:metadata', 'count', 1.00, NULL),
	(105, 1741616820, 60, 'cache_miss', 'lv:v3.11.2:file:1c55433b-error.log.11.gz:metadata', 'count', 1.00, NULL),
	(106, 1741616640, 360, 'cache_miss', 'lv:v3.11.2:file:1c55433b-error.log.11.gz:metadata', 'count', 1.00, NULL),
	(107, 1741616640, 1440, 'cache_miss', 'lv:v3.11.2:file:1c55433b-error.log.11.gz:metadata', 'count', 1.00, NULL),
	(108, 1741612320, 10080, 'cache_miss', 'lv:v3.11.2:file:1c55433b-error.log.11.gz:metadata', 'count', 1.00, NULL),
	(109, 1741616820, 60, 'cache_miss', 'lv:v3.11.2:file:36b485a6-error.log.10.gz:metadata', 'count', 1.00, NULL),
	(110, 1741616640, 360, 'cache_miss', 'lv:v3.11.2:file:36b485a6-error.log.10.gz:metadata', 'count', 1.00, NULL),
	(111, 1741616640, 1440, 'cache_miss', 'lv:v3.11.2:file:36b485a6-error.log.10.gz:metadata', 'count', 1.00, NULL),
	(112, 1741612320, 10080, 'cache_miss', 'lv:v3.11.2:file:36b485a6-error.log.10.gz:metadata', 'count', 1.00, NULL),
	(113, 1741616820, 60, 'cache_miss', 'lv:v3.11.2:file:a9810ffd-error.log.1:metadata', 'count', 1.00, NULL),
	(114, 1741616640, 360, 'cache_miss', 'lv:v3.11.2:file:a9810ffd-error.log.1:metadata', 'count', 1.00, NULL),
	(115, 1741616640, 1440, 'cache_miss', 'lv:v3.11.2:file:a9810ffd-error.log.1:metadata', 'count', 1.00, NULL),
	(116, 1741612320, 10080, 'cache_miss', 'lv:v3.11.2:file:a9810ffd-error.log.1:metadata', 'count', 1.00, NULL),
	(117, 1741616820, 60, 'cache_miss', 'lv:v3.11.2:file:9bfcaedc-error.log:metadata', 'count', 1.00, NULL),
	(118, 1741616640, 360, 'cache_miss', 'lv:v3.11.2:file:9bfcaedc-error.log:metadata', 'count', 1.00, NULL),
	(119, 1741616640, 1440, 'cache_miss', 'lv:v3.11.2:file:9bfcaedc-error.log:metadata', 'count', 1.00, NULL),
	(120, 1741612320, 10080, 'cache_miss', 'lv:v3.11.2:file:9bfcaedc-error.log:metadata', 'count', 1.00, NULL),
	(121, 1741616820, 60, 'cache_miss', 'lv:v3.11.2:file:77058129-ems_error.log:metadata', 'count', 1.00, NULL),
	(122, 1741616640, 360, 'cache_miss', 'lv:v3.11.2:file:77058129-ems_error.log:metadata', 'count', 1.00, NULL),
	(123, 1741616640, 1440, 'cache_miss', 'lv:v3.11.2:file:77058129-ems_error.log:metadata', 'count', 1.00, NULL),
	(124, 1741612320, 10080, 'cache_miss', 'lv:v3.11.2:file:77058129-ems_error.log:metadata', 'count', 1.00, NULL),
	(125, 1741616820, 60, 'cache_miss', 'lv:v3.11.2:file:b333736d-ems_access.log:metadata', 'count', 1.00, NULL),
	(126, 1741616640, 360, 'cache_miss', 'lv:v3.11.2:file:b333736d-ems_access.log:metadata', 'count', 1.00, NULL),
	(127, 1741616640, 1440, 'cache_miss', 'lv:v3.11.2:file:b333736d-ems_access.log:metadata', 'count', 1.00, NULL),
	(128, 1741612320, 10080, 'cache_miss', 'lv:v3.11.2:file:b333736d-ems_access.log:metadata', 'count', 1.00, NULL),
	(129, 1741616820, 60, 'cache_miss', 'lv:v3.11.2:file:7bdff8c9-access.log.9.gz:metadata', 'count', 1.00, NULL),
	(130, 1741616640, 360, 'cache_miss', 'lv:v3.11.2:file:7bdff8c9-access.log.9.gz:metadata', 'count', 1.00, NULL),
	(131, 1741616640, 1440, 'cache_miss', 'lv:v3.11.2:file:7bdff8c9-access.log.9.gz:metadata', 'count', 1.00, NULL),
	(132, 1741612320, 10080, 'cache_miss', 'lv:v3.11.2:file:7bdff8c9-access.log.9.gz:metadata', 'count', 1.00, NULL),
	(133, 1741616820, 60, 'cache_miss', 'lv:v3.11.2:file:8e8f1fa2-access.log.8.gz:metadata', 'count', 1.00, NULL),
	(134, 1741616640, 360, 'cache_miss', 'lv:v3.11.2:file:8e8f1fa2-access.log.8.gz:metadata', 'count', 1.00, NULL),
	(135, 1741616640, 1440, 'cache_miss', 'lv:v3.11.2:file:8e8f1fa2-access.log.8.gz:metadata', 'count', 1.00, NULL),
	(136, 1741612320, 10080, 'cache_miss', 'lv:v3.11.2:file:8e8f1fa2-access.log.8.gz:metadata', 'count', 1.00, NULL),
	(137, 1741616820, 60, 'cache_miss', 'lv:v3.11.2:file:7a808374-access.log.7.gz:metadata', 'count', 1.00, NULL),
	(138, 1741616640, 360, 'cache_miss', 'lv:v3.11.2:file:7a808374-access.log.7.gz:metadata', 'count', 1.00, NULL),
	(139, 1741616640, 1440, 'cache_miss', 'lv:v3.11.2:file:7a808374-access.log.7.gz:metadata', 'count', 1.00, NULL),
	(140, 1741612320, 10080, 'cache_miss', 'lv:v3.11.2:file:7a808374-access.log.7.gz:metadata', 'count', 1.00, NULL),
	(141, 1741616820, 60, 'cache_miss', 'lv:v3.11.2:file:998d6dcd-access.log.6.gz:metadata', 'count', 1.00, NULL),
	(142, 1741616640, 360, 'cache_miss', 'lv:v3.11.2:file:998d6dcd-access.log.6.gz:metadata', 'count', 1.00, NULL),
	(143, 1741616640, 1440, 'cache_miss', 'lv:v3.11.2:file:998d6dcd-access.log.6.gz:metadata', 'count', 1.00, NULL),
	(144, 1741612320, 10080, 'cache_miss', 'lv:v3.11.2:file:998d6dcd-access.log.6.gz:metadata', 'count', 1.00, NULL),
	(145, 1741616820, 60, 'cache_miss', 'lv:v3.11.2:file:ade9f459-access.log.5.gz:metadata', 'count', 1.00, NULL),
	(146, 1741616640, 360, 'cache_miss', 'lv:v3.11.2:file:ade9f459-access.log.5.gz:metadata', 'count', 1.00, NULL),
	(147, 1741616640, 1440, 'cache_miss', 'lv:v3.11.2:file:ade9f459-access.log.5.gz:metadata', 'count', 1.00, NULL),
	(148, 1741612320, 10080, 'cache_miss', 'lv:v3.11.2:file:ade9f459-access.log.5.gz:metadata', 'count', 1.00, NULL),
	(149, 1741616820, 60, 'cache_miss', 'lv:v3.11.2:file:2deb7e8a-access.log.4.gz:metadata', 'count', 1.00, NULL),
	(150, 1741616640, 360, 'cache_miss', 'lv:v3.11.2:file:2deb7e8a-access.log.4.gz:metadata', 'count', 1.00, NULL),
	(151, 1741616640, 1440, 'cache_miss', 'lv:v3.11.2:file:2deb7e8a-access.log.4.gz:metadata', 'count', 1.00, NULL),
	(152, 1741612320, 10080, 'cache_miss', 'lv:v3.11.2:file:2deb7e8a-access.log.4.gz:metadata', 'count', 1.00, NULL),
	(153, 1741616820, 60, 'cache_miss', 'lv:v3.11.2:file:39f0cbc0-access.log.3.gz:metadata', 'count', 1.00, NULL),
	(154, 1741616640, 360, 'cache_miss', 'lv:v3.11.2:file:39f0cbc0-access.log.3.gz:metadata', 'count', 1.00, NULL),
	(155, 1741616640, 1440, 'cache_miss', 'lv:v3.11.2:file:39f0cbc0-access.log.3.gz:metadata', 'count', 1.00, NULL),
	(156, 1741612320, 10080, 'cache_miss', 'lv:v3.11.2:file:39f0cbc0-access.log.3.gz:metadata', 'count', 1.00, NULL),
	(157, 1741616820, 60, 'cache_miss', 'lv:v3.11.2:file:ef6b480c-access.log.2.gz:metadata', 'count', 1.00, NULL),
	(158, 1741616640, 360, 'cache_miss', 'lv:v3.11.2:file:ef6b480c-access.log.2.gz:metadata', 'count', 1.00, NULL),
	(159, 1741616640, 1440, 'cache_miss', 'lv:v3.11.2:file:ef6b480c-access.log.2.gz:metadata', 'count', 1.00, NULL),
	(160, 1741612320, 10080, 'cache_miss', 'lv:v3.11.2:file:ef6b480c-access.log.2.gz:metadata', 'count', 1.00, NULL),
	(161, 1741616820, 60, 'cache_miss', 'lv:v3.11.2:file:1ba34915-access.log.14.gz:metadata', 'count', 1.00, NULL),
	(162, 1741616640, 360, 'cache_miss', 'lv:v3.11.2:file:1ba34915-access.log.14.gz:metadata', 'count', 1.00, NULL),
	(163, 1741616640, 1440, 'cache_miss', 'lv:v3.11.2:file:1ba34915-access.log.14.gz:metadata', 'count', 1.00, NULL),
	(164, 1741612320, 10080, 'cache_miss', 'lv:v3.11.2:file:1ba34915-access.log.14.gz:metadata', 'count', 1.00, NULL),
	(165, 1741616820, 60, 'cache_miss', 'lv:v3.11.2:file:9897f97e-access.log.13.gz:metadata', 'count', 1.00, NULL),
	(166, 1741616640, 360, 'cache_miss', 'lv:v3.11.2:file:9897f97e-access.log.13.gz:metadata', 'count', 1.00, NULL),
	(167, 1741616640, 1440, 'cache_miss', 'lv:v3.11.2:file:9897f97e-access.log.13.gz:metadata', 'count', 1.00, NULL),
	(168, 1741612320, 10080, 'cache_miss', 'lv:v3.11.2:file:9897f97e-access.log.13.gz:metadata', 'count', 1.00, NULL),
	(169, 1741616820, 60, 'cache_miss', 'lv:v3.11.2:file:5fec0cd2-access.log.12.gz:metadata', 'count', 1.00, NULL),
	(170, 1741616640, 360, 'cache_miss', 'lv:v3.11.2:file:5fec0cd2-access.log.12.gz:metadata', 'count', 1.00, NULL),
	(171, 1741616640, 1440, 'cache_miss', 'lv:v3.11.2:file:5fec0cd2-access.log.12.gz:metadata', 'count', 1.00, NULL),
	(172, 1741612320, 10080, 'cache_miss', 'lv:v3.11.2:file:5fec0cd2-access.log.12.gz:metadata', 'count', 1.00, NULL),
	(173, 1741616820, 60, 'cache_miss', 'lv:v3.11.2:file:3ac4c887-access.log.11.gz:metadata', 'count', 1.00, NULL),
	(174, 1741616640, 360, 'cache_miss', 'lv:v3.11.2:file:3ac4c887-access.log.11.gz:metadata', 'count', 1.00, NULL),
	(175, 1741616640, 1440, 'cache_miss', 'lv:v3.11.2:file:3ac4c887-access.log.11.gz:metadata', 'count', 1.00, NULL),
	(176, 1741612320, 10080, 'cache_miss', 'lv:v3.11.2:file:3ac4c887-access.log.11.gz:metadata', 'count', 1.00, NULL),
	(177, 1741616820, 60, 'cache_miss', 'lv:v3.11.2:file:e38c9e2c-access.log.10.gz:metadata', 'count', 1.00, NULL),
	(178, 1741616640, 360, 'cache_miss', 'lv:v3.11.2:file:e38c9e2c-access.log.10.gz:metadata', 'count', 1.00, NULL),
	(179, 1741616640, 1440, 'cache_miss', 'lv:v3.11.2:file:e38c9e2c-access.log.10.gz:metadata', 'count', 1.00, NULL),
	(180, 1741612320, 10080, 'cache_miss', 'lv:v3.11.2:file:e38c9e2c-access.log.10.gz:metadata', 'count', 1.00, NULL),
	(181, 1741616820, 60, 'cache_miss', 'lv:v3.11.2:file:62a2f40a-access.log.1:metadata', 'count', 1.00, NULL),
	(182, 1741616640, 360, 'cache_miss', 'lv:v3.11.2:file:62a2f40a-access.log.1:metadata', 'count', 1.00, NULL),
	(183, 1741616640, 1440, 'cache_miss', 'lv:v3.11.2:file:62a2f40a-access.log.1:metadata', 'count', 1.00, NULL),
	(184, 1741612320, 10080, 'cache_miss', 'lv:v3.11.2:file:62a2f40a-access.log.1:metadata', 'count', 1.00, NULL),
	(185, 1741616820, 60, 'cache_miss', 'lv:v3.11.2:file:51fab2a2-access.log:metadata', 'count', 1.00, NULL),
	(186, 1741616640, 360, 'cache_miss', 'lv:v3.11.2:file:51fab2a2-access.log:metadata', 'count', 1.00, NULL),
	(187, 1741616640, 1440, 'cache_miss', 'lv:v3.11.2:file:51fab2a2-access.log:metadata', 'count', 1.00, NULL),
	(188, 1741612320, 10080, 'cache_miss', 'lv:v3.11.2:file:51fab2a2-access.log:metadata', 'count', 1.00, NULL),
	(189, 1741616820, 60, 'cache_miss', 'lv:v3.11.2:file:d99a4641-EMS_error.log:metadata', 'count', 1.00, NULL),
	(190, 1741616640, 360, 'cache_miss', 'lv:v3.11.2:file:d99a4641-EMS_error.log:metadata', 'count', 1.00, NULL),
	(191, 1741616640, 1440, 'cache_miss', 'lv:v3.11.2:file:d99a4641-EMS_error.log:metadata', 'count', 1.00, NULL),
	(192, 1741612320, 10080, 'cache_miss', 'lv:v3.11.2:file:d99a4641-EMS_error.log:metadata', 'count', 1.00, NULL),
	(193, 1741616820, 60, 'cache_miss', 'lv:v3.11.2:file:f5136dbb-EMS_access.log.1:metadata', 'count', 1.00, NULL),
	(194, 1741616640, 360, 'cache_miss', 'lv:v3.11.2:file:f5136dbb-EMS_access.log.1:metadata', 'count', 1.00, NULL),
	(195, 1741616640, 1440, 'cache_miss', 'lv:v3.11.2:file:f5136dbb-EMS_access.log.1:metadata', 'count', 1.00, NULL),
	(196, 1741612320, 10080, 'cache_miss', 'lv:v3.11.2:file:f5136dbb-EMS_access.log.1:metadata', 'count', 1.00, NULL),
	(197, 1741616820, 60, 'cache_miss', 'lv:v3.11.2:file:406ff394-EMS_access.log:metadata', 'count', 1.00, NULL),
	(198, 1741616640, 360, 'cache_miss', 'lv:v3.11.2:file:406ff394-EMS_access.log:metadata', 'count', 1.00, NULL),
	(199, 1741616640, 1440, 'cache_miss', 'lv:v3.11.2:file:406ff394-EMS_access.log:metadata', 'count', 1.00, NULL),
	(200, 1741612320, 10080, 'cache_miss', 'lv:v3.11.2:file:406ff394-EMS_access.log:metadata', 'count', 1.00, NULL),
	(201, 1741616820, 60, 'cache_miss', 'lv:v3.11.2:file:7c32c5d6-laravel.log:metadata', 'count', 1.00, NULL),
	(202, 1741616640, 360, 'cache_miss', 'lv:v3.11.2:file:7c32c5d6-laravel.log:metadata', 'count', 1.00, NULL),
	(203, 1741616640, 1440, 'cache_miss', 'lv:v3.11.2:file:7c32c5d6-laravel.log:metadata', 'count', 1.00, NULL),
	(204, 1741612320, 10080, 'cache_miss', 'lv:v3.11.2:file:7c32c5d6-laravel.log:metadata', 'count', 1.00, NULL),
	(205, 1741616820, 60, 'cache_hit', 'lv:v3.11.2:file:fb933160-error.log.9.gz:metadata', 'count', 1.00, NULL),
	(206, 1741616640, 360, 'cache_hit', 'lv:v3.11.2:file:fb933160-error.log.9.gz:metadata', 'count', 1.00, NULL),
	(207, 1741616640, 1440, 'cache_hit', 'lv:v3.11.2:file:fb933160-error.log.9.gz:metadata', 'count', 10.00, NULL),
	(208, 1741612320, 10080, 'cache_hit', 'lv:v3.11.2:file:fb933160-error.log.9.gz:metadata', 'count', 10.00, NULL),
	(209, 1741616820, 60, 'cache_hit', 'lv:v3.11.2:file:fad49617-error.log.8.gz:metadata', 'count', 1.00, NULL),
	(210, 1741616640, 360, 'cache_hit', 'lv:v3.11.2:file:fad49617-error.log.8.gz:metadata', 'count', 1.00, NULL),
	(211, 1741616640, 1440, 'cache_hit', 'lv:v3.11.2:file:fad49617-error.log.8.gz:metadata', 'count', 10.00, NULL),
	(212, 1741612320, 10080, 'cache_hit', 'lv:v3.11.2:file:fad49617-error.log.8.gz:metadata', 'count', 10.00, NULL),
	(213, 1741616820, 60, 'cache_hit', 'lv:v3.11.2:file:a846fcb6-error.log.7.gz:metadata', 'count', 1.00, NULL),
	(214, 1741616640, 360, 'cache_hit', 'lv:v3.11.2:file:a846fcb6-error.log.7.gz:metadata', 'count', 1.00, NULL),
	(215, 1741616640, 1440, 'cache_hit', 'lv:v3.11.2:file:a846fcb6-error.log.7.gz:metadata', 'count', 10.00, NULL),
	(216, 1741612320, 10080, 'cache_hit', 'lv:v3.11.2:file:a846fcb6-error.log.7.gz:metadata', 'count', 10.00, NULL),
	(217, 1741616820, 60, 'cache_hit', 'lv:v3.11.2:file:c2a6b6ea-error.log.6.gz:metadata', 'count', 1.00, NULL),
	(218, 1741616640, 360, 'cache_hit', 'lv:v3.11.2:file:c2a6b6ea-error.log.6.gz:metadata', 'count', 1.00, NULL),
	(219, 1741616640, 1440, 'cache_hit', 'lv:v3.11.2:file:c2a6b6ea-error.log.6.gz:metadata', 'count', 10.00, NULL),
	(220, 1741612320, 10080, 'cache_hit', 'lv:v3.11.2:file:c2a6b6ea-error.log.6.gz:metadata', 'count', 10.00, NULL),
	(221, 1741616820, 60, 'cache_hit', 'lv:v3.11.2:file:5a02fdbc-error.log.5.gz:metadata', 'count', 1.00, NULL),
	(222, 1741616640, 360, 'cache_hit', 'lv:v3.11.2:file:5a02fdbc-error.log.5.gz:metadata', 'count', 1.00, NULL),
	(223, 1741616640, 1440, 'cache_hit', 'lv:v3.11.2:file:5a02fdbc-error.log.5.gz:metadata', 'count', 10.00, NULL),
	(224, 1741612320, 10080, 'cache_hit', 'lv:v3.11.2:file:5a02fdbc-error.log.5.gz:metadata', 'count', 10.00, NULL),
	(225, 1741616820, 60, 'cache_hit', 'lv:v3.11.2:file:fb212820-error.log.4.gz:metadata', 'count', 1.00, NULL),
	(226, 1741616640, 360, 'cache_hit', 'lv:v3.11.2:file:fb212820-error.log.4.gz:metadata', 'count', 1.00, NULL),
	(227, 1741616640, 1440, 'cache_hit', 'lv:v3.11.2:file:fb212820-error.log.4.gz:metadata', 'count', 10.00, NULL),
	(228, 1741612320, 10080, 'cache_hit', 'lv:v3.11.2:file:fb212820-error.log.4.gz:metadata', 'count', 10.00, NULL),
	(229, 1741616820, 60, 'cache_hit', 'lv:v3.11.2:file:b6ce8292-error.log.3.gz:metadata', 'count', 1.00, NULL),
	(230, 1741616640, 360, 'cache_hit', 'lv:v3.11.2:file:b6ce8292-error.log.3.gz:metadata', 'count', 1.00, NULL),
	(231, 1741616640, 1440, 'cache_hit', 'lv:v3.11.2:file:b6ce8292-error.log.3.gz:metadata', 'count', 10.00, NULL),
	(232, 1741612320, 10080, 'cache_hit', 'lv:v3.11.2:file:b6ce8292-error.log.3.gz:metadata', 'count', 10.00, NULL),
	(233, 1741616820, 60, 'cache_hit', 'lv:v3.11.2:file:3f377e46-error.log.2.gz:metadata', 'count', 1.00, NULL),
	(234, 1741616640, 360, 'cache_hit', 'lv:v3.11.2:file:3f377e46-error.log.2.gz:metadata', 'count', 1.00, NULL),
	(235, 1741616640, 1440, 'cache_hit', 'lv:v3.11.2:file:3f377e46-error.log.2.gz:metadata', 'count', 10.00, NULL),
	(236, 1741612320, 10080, 'cache_hit', 'lv:v3.11.2:file:3f377e46-error.log.2.gz:metadata', 'count', 10.00, NULL),
	(237, 1741616820, 60, 'cache_hit', 'lv:v3.11.2:file:4fa27d53-error.log.14.gz:metadata', 'count', 1.00, NULL),
	(238, 1741616640, 360, 'cache_hit', 'lv:v3.11.2:file:4fa27d53-error.log.14.gz:metadata', 'count', 1.00, NULL),
	(239, 1741616640, 1440, 'cache_hit', 'lv:v3.11.2:file:4fa27d53-error.log.14.gz:metadata', 'count', 10.00, NULL),
	(240, 1741612320, 10080, 'cache_hit', 'lv:v3.11.2:file:4fa27d53-error.log.14.gz:metadata', 'count', 10.00, NULL),
	(241, 1741616820, 60, 'cache_hit', 'lv:v3.11.2:file:227afce2-error.log.13.gz:metadata', 'count', 1.00, NULL),
	(242, 1741616640, 360, 'cache_hit', 'lv:v3.11.2:file:227afce2-error.log.13.gz:metadata', 'count', 1.00, NULL),
	(243, 1741616640, 1440, 'cache_hit', 'lv:v3.11.2:file:227afce2-error.log.13.gz:metadata', 'count', 10.00, NULL),
	(244, 1741612320, 10080, 'cache_hit', 'lv:v3.11.2:file:227afce2-error.log.13.gz:metadata', 'count', 10.00, NULL),
	(245, 1741616820, 60, 'cache_hit', 'lv:v3.11.2:file:74bd32b4-error.log.12.gz:metadata', 'count', 1.00, NULL),
	(246, 1741616640, 360, 'cache_hit', 'lv:v3.11.2:file:74bd32b4-error.log.12.gz:metadata', 'count', 1.00, NULL),
	(247, 1741616640, 1440, 'cache_hit', 'lv:v3.11.2:file:74bd32b4-error.log.12.gz:metadata', 'count', 10.00, NULL),
	(248, 1741612320, 10080, 'cache_hit', 'lv:v3.11.2:file:74bd32b4-error.log.12.gz:metadata', 'count', 10.00, NULL),
	(249, 1741616820, 60, 'cache_hit', 'lv:v3.11.2:file:1c55433b-error.log.11.gz:metadata', 'count', 1.00, NULL),
	(250, 1741616640, 360, 'cache_hit', 'lv:v3.11.2:file:1c55433b-error.log.11.gz:metadata', 'count', 1.00, NULL),
	(251, 1741616640, 1440, 'cache_hit', 'lv:v3.11.2:file:1c55433b-error.log.11.gz:metadata', 'count', 10.00, NULL),
	(252, 1741612320, 10080, 'cache_hit', 'lv:v3.11.2:file:1c55433b-error.log.11.gz:metadata', 'count', 10.00, NULL),
	(253, 1741616820, 60, 'cache_hit', 'lv:v3.11.2:file:36b485a6-error.log.10.gz:metadata', 'count', 1.00, NULL),
	(254, 1741616640, 360, 'cache_hit', 'lv:v3.11.2:file:36b485a6-error.log.10.gz:metadata', 'count', 1.00, NULL),
	(255, 1741616640, 1440, 'cache_hit', 'lv:v3.11.2:file:36b485a6-error.log.10.gz:metadata', 'count', 10.00, NULL),
	(256, 1741612320, 10080, 'cache_hit', 'lv:v3.11.2:file:36b485a6-error.log.10.gz:metadata', 'count', 10.00, NULL),
	(257, 1741616820, 60, 'cache_hit', 'lv:v3.11.2:file:a9810ffd-error.log.1:metadata', 'count', 1.00, NULL),
	(258, 1741616640, 360, 'cache_hit', 'lv:v3.11.2:file:a9810ffd-error.log.1:metadata', 'count', 1.00, NULL),
	(259, 1741616640, 1440, 'cache_hit', 'lv:v3.11.2:file:a9810ffd-error.log.1:metadata', 'count', 10.00, NULL),
	(260, 1741612320, 10080, 'cache_hit', 'lv:v3.11.2:file:a9810ffd-error.log.1:metadata', 'count', 10.00, NULL),
	(261, 1741616820, 60, 'cache_hit', 'lv:v3.11.2:file:9bfcaedc-error.log:metadata', 'count', 1.00, NULL),
	(262, 1741616640, 360, 'cache_hit', 'lv:v3.11.2:file:9bfcaedc-error.log:metadata', 'count', 1.00, NULL),
	(263, 1741616640, 1440, 'cache_hit', 'lv:v3.11.2:file:9bfcaedc-error.log:metadata', 'count', 10.00, NULL),
	(264, 1741612320, 10080, 'cache_hit', 'lv:v3.11.2:file:9bfcaedc-error.log:metadata', 'count', 10.00, NULL),
	(265, 1741616820, 60, 'cache_hit', 'lv:v3.11.2:file:77058129-ems_error.log:metadata', 'count', 1.00, NULL),
	(266, 1741616640, 360, 'cache_hit', 'lv:v3.11.2:file:77058129-ems_error.log:metadata', 'count', 1.00, NULL),
	(267, 1741616640, 1440, 'cache_hit', 'lv:v3.11.2:file:77058129-ems_error.log:metadata', 'count', 10.00, NULL),
	(268, 1741612320, 10080, 'cache_hit', 'lv:v3.11.2:file:77058129-ems_error.log:metadata', 'count', 10.00, NULL),
	(269, 1741616820, 60, 'cache_hit', 'lv:v3.11.2:file:b333736d-ems_access.log:metadata', 'count', 1.00, NULL),
	(270, 1741616640, 360, 'cache_hit', 'lv:v3.11.2:file:b333736d-ems_access.log:metadata', 'count', 1.00, NULL),
	(271, 1741616640, 1440, 'cache_hit', 'lv:v3.11.2:file:b333736d-ems_access.log:metadata', 'count', 10.00, NULL),
	(272, 1741612320, 10080, 'cache_hit', 'lv:v3.11.2:file:b333736d-ems_access.log:metadata', 'count', 10.00, NULL),
	(273, 1741616820, 60, 'cache_hit', 'lv:v3.11.2:file:7bdff8c9-access.log.9.gz:metadata', 'count', 1.00, NULL),
	(274, 1741616640, 360, 'cache_hit', 'lv:v3.11.2:file:7bdff8c9-access.log.9.gz:metadata', 'count', 1.00, NULL),
	(275, 1741616640, 1440, 'cache_hit', 'lv:v3.11.2:file:7bdff8c9-access.log.9.gz:metadata', 'count', 10.00, NULL),
	(276, 1741612320, 10080, 'cache_hit', 'lv:v3.11.2:file:7bdff8c9-access.log.9.gz:metadata', 'count', 10.00, NULL),
	(277, 1741616820, 60, 'cache_hit', 'lv:v3.11.2:file:8e8f1fa2-access.log.8.gz:metadata', 'count', 1.00, NULL),
	(278, 1741616640, 360, 'cache_hit', 'lv:v3.11.2:file:8e8f1fa2-access.log.8.gz:metadata', 'count', 1.00, NULL),
	(279, 1741616640, 1440, 'cache_hit', 'lv:v3.11.2:file:8e8f1fa2-access.log.8.gz:metadata', 'count', 10.00, NULL),
	(280, 1741612320, 10080, 'cache_hit', 'lv:v3.11.2:file:8e8f1fa2-access.log.8.gz:metadata', 'count', 10.00, NULL),
	(281, 1741616820, 60, 'cache_hit', 'lv:v3.11.2:file:7a808374-access.log.7.gz:metadata', 'count', 1.00, NULL),
	(282, 1741616640, 360, 'cache_hit', 'lv:v3.11.2:file:7a808374-access.log.7.gz:metadata', 'count', 1.00, NULL),
	(283, 1741616640, 1440, 'cache_hit', 'lv:v3.11.2:file:7a808374-access.log.7.gz:metadata', 'count', 10.00, NULL),
	(284, 1741612320, 10080, 'cache_hit', 'lv:v3.11.2:file:7a808374-access.log.7.gz:metadata', 'count', 10.00, NULL),
	(285, 1741616820, 60, 'cache_hit', 'lv:v3.11.2:file:998d6dcd-access.log.6.gz:metadata', 'count', 1.00, NULL),
	(286, 1741616640, 360, 'cache_hit', 'lv:v3.11.2:file:998d6dcd-access.log.6.gz:metadata', 'count', 1.00, NULL),
	(287, 1741616640, 1440, 'cache_hit', 'lv:v3.11.2:file:998d6dcd-access.log.6.gz:metadata', 'count', 10.00, NULL),
	(288, 1741612320, 10080, 'cache_hit', 'lv:v3.11.2:file:998d6dcd-access.log.6.gz:metadata', 'count', 10.00, NULL),
	(289, 1741616820, 60, 'cache_hit', 'lv:v3.11.2:file:ade9f459-access.log.5.gz:metadata', 'count', 1.00, NULL),
	(290, 1741616640, 360, 'cache_hit', 'lv:v3.11.2:file:ade9f459-access.log.5.gz:metadata', 'count', 1.00, NULL),
	(291, 1741616640, 1440, 'cache_hit', 'lv:v3.11.2:file:ade9f459-access.log.5.gz:metadata', 'count', 10.00, NULL),
	(292, 1741612320, 10080, 'cache_hit', 'lv:v3.11.2:file:ade9f459-access.log.5.gz:metadata', 'count', 10.00, NULL),
	(293, 1741616820, 60, 'cache_hit', 'lv:v3.11.2:file:2deb7e8a-access.log.4.gz:metadata', 'count', 1.00, NULL),
	(294, 1741616640, 360, 'cache_hit', 'lv:v3.11.2:file:2deb7e8a-access.log.4.gz:metadata', 'count', 1.00, NULL),
	(295, 1741616640, 1440, 'cache_hit', 'lv:v3.11.2:file:2deb7e8a-access.log.4.gz:metadata', 'count', 10.00, NULL),
	(296, 1741612320, 10080, 'cache_hit', 'lv:v3.11.2:file:2deb7e8a-access.log.4.gz:metadata', 'count', 10.00, NULL),
	(297, 1741616820, 60, 'cache_hit', 'lv:v3.11.2:file:39f0cbc0-access.log.3.gz:metadata', 'count', 1.00, NULL),
	(298, 1741616640, 360, 'cache_hit', 'lv:v3.11.2:file:39f0cbc0-access.log.3.gz:metadata', 'count', 1.00, NULL),
	(299, 1741616640, 1440, 'cache_hit', 'lv:v3.11.2:file:39f0cbc0-access.log.3.gz:metadata', 'count', 10.00, NULL),
	(300, 1741612320, 10080, 'cache_hit', 'lv:v3.11.2:file:39f0cbc0-access.log.3.gz:metadata', 'count', 10.00, NULL),
	(301, 1741616820, 60, 'cache_hit', 'lv:v3.11.2:file:ef6b480c-access.log.2.gz:metadata', 'count', 1.00, NULL),
	(302, 1741616640, 360, 'cache_hit', 'lv:v3.11.2:file:ef6b480c-access.log.2.gz:metadata', 'count', 1.00, NULL),
	(303, 1741616640, 1440, 'cache_hit', 'lv:v3.11.2:file:ef6b480c-access.log.2.gz:metadata', 'count', 10.00, NULL),
	(304, 1741612320, 10080, 'cache_hit', 'lv:v3.11.2:file:ef6b480c-access.log.2.gz:metadata', 'count', 10.00, NULL),
	(305, 1741616820, 60, 'cache_hit', 'lv:v3.11.2:file:1ba34915-access.log.14.gz:metadata', 'count', 1.00, NULL),
	(306, 1741616640, 360, 'cache_hit', 'lv:v3.11.2:file:1ba34915-access.log.14.gz:metadata', 'count', 1.00, NULL),
	(307, 1741616640, 1440, 'cache_hit', 'lv:v3.11.2:file:1ba34915-access.log.14.gz:metadata', 'count', 10.00, NULL),
	(308, 1741612320, 10080, 'cache_hit', 'lv:v3.11.2:file:1ba34915-access.log.14.gz:metadata', 'count', 10.00, NULL),
	(309, 1741616820, 60, 'cache_hit', 'lv:v3.11.2:file:9897f97e-access.log.13.gz:metadata', 'count', 1.00, NULL),
	(310, 1741616640, 360, 'cache_hit', 'lv:v3.11.2:file:9897f97e-access.log.13.gz:metadata', 'count', 1.00, NULL),
	(311, 1741616640, 1440, 'cache_hit', 'lv:v3.11.2:file:9897f97e-access.log.13.gz:metadata', 'count', 10.00, NULL),
	(312, 1741612320, 10080, 'cache_hit', 'lv:v3.11.2:file:9897f97e-access.log.13.gz:metadata', 'count', 10.00, NULL),
	(313, 1741616820, 60, 'cache_hit', 'lv:v3.11.2:file:5fec0cd2-access.log.12.gz:metadata', 'count', 1.00, NULL),
	(314, 1741616640, 360, 'cache_hit', 'lv:v3.11.2:file:5fec0cd2-access.log.12.gz:metadata', 'count', 1.00, NULL),
	(315, 1741616640, 1440, 'cache_hit', 'lv:v3.11.2:file:5fec0cd2-access.log.12.gz:metadata', 'count', 10.00, NULL),
	(316, 1741612320, 10080, 'cache_hit', 'lv:v3.11.2:file:5fec0cd2-access.log.12.gz:metadata', 'count', 10.00, NULL),
	(317, 1741616820, 60, 'cache_hit', 'lv:v3.11.2:file:3ac4c887-access.log.11.gz:metadata', 'count', 1.00, NULL),
	(318, 1741616640, 360, 'cache_hit', 'lv:v3.11.2:file:3ac4c887-access.log.11.gz:metadata', 'count', 1.00, NULL),
	(319, 1741616640, 1440, 'cache_hit', 'lv:v3.11.2:file:3ac4c887-access.log.11.gz:metadata', 'count', 10.00, NULL),
	(320, 1741612320, 10080, 'cache_hit', 'lv:v3.11.2:file:3ac4c887-access.log.11.gz:metadata', 'count', 10.00, NULL),
	(321, 1741616820, 60, 'cache_hit', 'lv:v3.11.2:file:e38c9e2c-access.log.10.gz:metadata', 'count', 1.00, NULL),
	(322, 1741616640, 360, 'cache_hit', 'lv:v3.11.2:file:e38c9e2c-access.log.10.gz:metadata', 'count', 1.00, NULL),
	(323, 1741616640, 1440, 'cache_hit', 'lv:v3.11.2:file:e38c9e2c-access.log.10.gz:metadata', 'count', 10.00, NULL),
	(324, 1741612320, 10080, 'cache_hit', 'lv:v3.11.2:file:e38c9e2c-access.log.10.gz:metadata', 'count', 10.00, NULL),
	(325, 1741616820, 60, 'cache_hit', 'lv:v3.11.2:file:62a2f40a-access.log.1:metadata', 'count', 1.00, NULL),
	(326, 1741616640, 360, 'cache_hit', 'lv:v3.11.2:file:62a2f40a-access.log.1:metadata', 'count', 1.00, NULL),
	(327, 1741616640, 1440, 'cache_hit', 'lv:v3.11.2:file:62a2f40a-access.log.1:metadata', 'count', 10.00, NULL),
	(328, 1741612320, 10080, 'cache_hit', 'lv:v3.11.2:file:62a2f40a-access.log.1:metadata', 'count', 10.00, NULL),
	(329, 1741616820, 60, 'cache_hit', 'lv:v3.11.2:file:51fab2a2-access.log:metadata', 'count', 1.00, NULL),
	(330, 1741616640, 360, 'cache_hit', 'lv:v3.11.2:file:51fab2a2-access.log:metadata', 'count', 1.00, NULL),
	(331, 1741616640, 1440, 'cache_hit', 'lv:v3.11.2:file:51fab2a2-access.log:metadata', 'count', 10.00, NULL),
	(332, 1741612320, 10080, 'cache_hit', 'lv:v3.11.2:file:51fab2a2-access.log:metadata', 'count', 10.00, NULL),
	(333, 1741616820, 60, 'cache_hit', 'lv:v3.11.2:file:d99a4641-EMS_error.log:metadata', 'count', 1.00, NULL),
	(334, 1741616640, 360, 'cache_hit', 'lv:v3.11.2:file:d99a4641-EMS_error.log:metadata', 'count', 1.00, NULL),
	(335, 1741616640, 1440, 'cache_hit', 'lv:v3.11.2:file:d99a4641-EMS_error.log:metadata', 'count', 10.00, NULL),
	(336, 1741612320, 10080, 'cache_hit', 'lv:v3.11.2:file:d99a4641-EMS_error.log:metadata', 'count', 10.00, NULL),
	(337, 1741616820, 60, 'cache_hit', 'lv:v3.11.2:file:f5136dbb-EMS_access.log.1:metadata', 'count', 1.00, NULL),
	(338, 1741616640, 360, 'cache_hit', 'lv:v3.11.2:file:f5136dbb-EMS_access.log.1:metadata', 'count', 1.00, NULL),
	(339, 1741616640, 1440, 'cache_hit', 'lv:v3.11.2:file:f5136dbb-EMS_access.log.1:metadata', 'count', 10.00, NULL),
	(340, 1741612320, 10080, 'cache_hit', 'lv:v3.11.2:file:f5136dbb-EMS_access.log.1:metadata', 'count', 10.00, NULL),
	(341, 1741616820, 60, 'cache_hit', 'lv:v3.11.2:file:406ff394-EMS_access.log:metadata', 'count', 1.00, NULL),
	(342, 1741616640, 360, 'cache_hit', 'lv:v3.11.2:file:406ff394-EMS_access.log:metadata', 'count', 1.00, NULL),
	(343, 1741616640, 1440, 'cache_hit', 'lv:v3.11.2:file:406ff394-EMS_access.log:metadata', 'count', 10.00, NULL),
	(344, 1741612320, 10080, 'cache_hit', 'lv:v3.11.2:file:406ff394-EMS_access.log:metadata', 'count', 10.00, NULL),
	(345, 1741616820, 60, 'cache_hit', 'lv:v3.11.2:file:7c32c5d6-laravel.log:metadata', 'count', 1.00, NULL),
	(346, 1741616640, 360, 'cache_hit', 'lv:v3.11.2:file:7c32c5d6-laravel.log:metadata', 'count', 1.00, NULL),
	(347, 1741616640, 1440, 'cache_hit', 'lv:v3.11.2:file:7c32c5d6-laravel.log:metadata', 'count', 10.00, NULL),
	(348, 1741612320, 10080, 'cache_hit', 'lv:v3.11.2:file:7c32c5d6-laravel.log:metadata', 'count', 10.00, NULL),
	(349, 1741616820, 60, 'cache_miss', 'lv:v3.11.2:file:7c32c5d6-laravel.log:ecf8427e:metadata', 'count', 1.00, NULL),
	(350, 1741616640, 360, 'cache_miss', 'lv:v3.11.2:file:7c32c5d6-laravel.log:ecf8427e:metadata', 'count', 1.00, NULL),
	(351, 1741616640, 1440, 'cache_miss', 'lv:v3.11.2:file:7c32c5d6-laravel.log:ecf8427e:metadata', 'count', 1.00, NULL),
	(352, 1741612320, 10080, 'cache_miss', 'lv:v3.11.2:file:7c32c5d6-laravel.log:ecf8427e:metadata', 'count', 1.00, NULL),
	(353, 1741617060, 60, 'user_request', '1', 'count', 4.00, NULL),
	(354, 1741617000, 360, 'user_request', '1', 'count', 10.00, NULL),
	(357, 1741617060, 60, 'cache_hit', 'lv:v3.11.2:file:fb933160-error.log.9.gz:metadata', 'count', 5.00, NULL),
	(358, 1741617000, 360, 'cache_hit', 'lv:v3.11.2:file:fb933160-error.log.9.gz:metadata', 'count', 9.00, NULL),
	(359, 1741617060, 60, 'cache_hit', 'lv:v3.11.2:file:fad49617-error.log.8.gz:metadata', 'count', 5.00, NULL),
	(360, 1741617000, 360, 'cache_hit', 'lv:v3.11.2:file:fad49617-error.log.8.gz:metadata', 'count', 9.00, NULL),
	(361, 1741617060, 60, 'cache_hit', 'lv:v3.11.2:file:a846fcb6-error.log.7.gz:metadata', 'count', 5.00, NULL),
	(362, 1741617000, 360, 'cache_hit', 'lv:v3.11.2:file:a846fcb6-error.log.7.gz:metadata', 'count', 9.00, NULL),
	(363, 1741617060, 60, 'cache_hit', 'lv:v3.11.2:file:c2a6b6ea-error.log.6.gz:metadata', 'count', 5.00, NULL),
	(364, 1741617000, 360, 'cache_hit', 'lv:v3.11.2:file:c2a6b6ea-error.log.6.gz:metadata', 'count', 9.00, NULL),
	(365, 1741617060, 60, 'cache_hit', 'lv:v3.11.2:file:5a02fdbc-error.log.5.gz:metadata', 'count', 5.00, NULL),
	(366, 1741617000, 360, 'cache_hit', 'lv:v3.11.2:file:5a02fdbc-error.log.5.gz:metadata', 'count', 9.00, NULL),
	(367, 1741617060, 60, 'cache_hit', 'lv:v3.11.2:file:fb212820-error.log.4.gz:metadata', 'count', 5.00, NULL),
	(368, 1741617000, 360, 'cache_hit', 'lv:v3.11.2:file:fb212820-error.log.4.gz:metadata', 'count', 9.00, NULL),
	(369, 1741617060, 60, 'cache_hit', 'lv:v3.11.2:file:b6ce8292-error.log.3.gz:metadata', 'count', 5.00, NULL),
	(370, 1741617000, 360, 'cache_hit', 'lv:v3.11.2:file:b6ce8292-error.log.3.gz:metadata', 'count', 9.00, NULL),
	(371, 1741617060, 60, 'cache_hit', 'lv:v3.11.2:file:3f377e46-error.log.2.gz:metadata', 'count', 5.00, NULL),
	(372, 1741617000, 360, 'cache_hit', 'lv:v3.11.2:file:3f377e46-error.log.2.gz:metadata', 'count', 9.00, NULL),
	(373, 1741617060, 60, 'cache_hit', 'lv:v3.11.2:file:4fa27d53-error.log.14.gz:metadata', 'count', 5.00, NULL),
	(374, 1741617000, 360, 'cache_hit', 'lv:v3.11.2:file:4fa27d53-error.log.14.gz:metadata', 'count', 9.00, NULL),
	(375, 1741617060, 60, 'cache_hit', 'lv:v3.11.2:file:227afce2-error.log.13.gz:metadata', 'count', 5.00, NULL),
	(376, 1741617000, 360, 'cache_hit', 'lv:v3.11.2:file:227afce2-error.log.13.gz:metadata', 'count', 9.00, NULL),
	(377, 1741617060, 60, 'cache_hit', 'lv:v3.11.2:file:74bd32b4-error.log.12.gz:metadata', 'count', 5.00, NULL),
	(378, 1741617000, 360, 'cache_hit', 'lv:v3.11.2:file:74bd32b4-error.log.12.gz:metadata', 'count', 9.00, NULL),
	(379, 1741617060, 60, 'cache_hit', 'lv:v3.11.2:file:1c55433b-error.log.11.gz:metadata', 'count', 5.00, NULL),
	(380, 1741617000, 360, 'cache_hit', 'lv:v3.11.2:file:1c55433b-error.log.11.gz:metadata', 'count', 9.00, NULL),
	(381, 1741617060, 60, 'cache_hit', 'lv:v3.11.2:file:36b485a6-error.log.10.gz:metadata', 'count', 5.00, NULL),
	(382, 1741617000, 360, 'cache_hit', 'lv:v3.11.2:file:36b485a6-error.log.10.gz:metadata', 'count', 9.00, NULL),
	(383, 1741617060, 60, 'cache_hit', 'lv:v3.11.2:file:a9810ffd-error.log.1:metadata', 'count', 5.00, NULL),
	(384, 1741617000, 360, 'cache_hit', 'lv:v3.11.2:file:a9810ffd-error.log.1:metadata', 'count', 9.00, NULL),
	(385, 1741617060, 60, 'cache_hit', 'lv:v3.11.2:file:9bfcaedc-error.log:metadata', 'count', 5.00, NULL),
	(386, 1741617000, 360, 'cache_hit', 'lv:v3.11.2:file:9bfcaedc-error.log:metadata', 'count', 9.00, NULL),
	(387, 1741617060, 60, 'cache_hit', 'lv:v3.11.2:file:77058129-ems_error.log:metadata', 'count', 5.00, NULL),
	(388, 1741617000, 360, 'cache_hit', 'lv:v3.11.2:file:77058129-ems_error.log:metadata', 'count', 9.00, NULL),
	(389, 1741617060, 60, 'cache_hit', 'lv:v3.11.2:file:b333736d-ems_access.log:metadata', 'count', 5.00, NULL),
	(390, 1741617000, 360, 'cache_hit', 'lv:v3.11.2:file:b333736d-ems_access.log:metadata', 'count', 9.00, NULL),
	(391, 1741617060, 60, 'cache_hit', 'lv:v3.11.2:file:7bdff8c9-access.log.9.gz:metadata', 'count', 5.00, NULL),
	(392, 1741617000, 360, 'cache_hit', 'lv:v3.11.2:file:7bdff8c9-access.log.9.gz:metadata', 'count', 9.00, NULL),
	(393, 1741617060, 60, 'cache_hit', 'lv:v3.11.2:file:8e8f1fa2-access.log.8.gz:metadata', 'count', 5.00, NULL),
	(394, 1741617000, 360, 'cache_hit', 'lv:v3.11.2:file:8e8f1fa2-access.log.8.gz:metadata', 'count', 9.00, NULL),
	(395, 1741617060, 60, 'cache_hit', 'lv:v3.11.2:file:7a808374-access.log.7.gz:metadata', 'count', 5.00, NULL),
	(396, 1741617000, 360, 'cache_hit', 'lv:v3.11.2:file:7a808374-access.log.7.gz:metadata', 'count', 9.00, NULL),
	(397, 1741617060, 60, 'cache_hit', 'lv:v3.11.2:file:998d6dcd-access.log.6.gz:metadata', 'count', 5.00, NULL),
	(398, 1741617000, 360, 'cache_hit', 'lv:v3.11.2:file:998d6dcd-access.log.6.gz:metadata', 'count', 9.00, NULL),
	(399, 1741617060, 60, 'cache_hit', 'lv:v3.11.2:file:ade9f459-access.log.5.gz:metadata', 'count', 5.00, NULL),
	(400, 1741617000, 360, 'cache_hit', 'lv:v3.11.2:file:ade9f459-access.log.5.gz:metadata', 'count', 9.00, NULL),
	(401, 1741617060, 60, 'cache_hit', 'lv:v3.11.2:file:2deb7e8a-access.log.4.gz:metadata', 'count', 5.00, NULL),
	(402, 1741617000, 360, 'cache_hit', 'lv:v3.11.2:file:2deb7e8a-access.log.4.gz:metadata', 'count', 9.00, NULL),
	(403, 1741617060, 60, 'cache_hit', 'lv:v3.11.2:file:39f0cbc0-access.log.3.gz:metadata', 'count', 5.00, NULL),
	(404, 1741617000, 360, 'cache_hit', 'lv:v3.11.2:file:39f0cbc0-access.log.3.gz:metadata', 'count', 9.00, NULL),
	(405, 1741617060, 60, 'cache_hit', 'lv:v3.11.2:file:ef6b480c-access.log.2.gz:metadata', 'count', 5.00, NULL),
	(406, 1741617000, 360, 'cache_hit', 'lv:v3.11.2:file:ef6b480c-access.log.2.gz:metadata', 'count', 9.00, NULL),
	(407, 1741617060, 60, 'cache_hit', 'lv:v3.11.2:file:1ba34915-access.log.14.gz:metadata', 'count', 5.00, NULL),
	(408, 1741617000, 360, 'cache_hit', 'lv:v3.11.2:file:1ba34915-access.log.14.gz:metadata', 'count', 9.00, NULL),
	(409, 1741617060, 60, 'cache_hit', 'lv:v3.11.2:file:9897f97e-access.log.13.gz:metadata', 'count', 5.00, NULL),
	(410, 1741617000, 360, 'cache_hit', 'lv:v3.11.2:file:9897f97e-access.log.13.gz:metadata', 'count', 9.00, NULL),
	(411, 1741617060, 60, 'cache_hit', 'lv:v3.11.2:file:5fec0cd2-access.log.12.gz:metadata', 'count', 5.00, NULL),
	(412, 1741617000, 360, 'cache_hit', 'lv:v3.11.2:file:5fec0cd2-access.log.12.gz:metadata', 'count', 9.00, NULL),
	(413, 1741617060, 60, 'cache_hit', 'lv:v3.11.2:file:3ac4c887-access.log.11.gz:metadata', 'count', 5.00, NULL),
	(414, 1741617000, 360, 'cache_hit', 'lv:v3.11.2:file:3ac4c887-access.log.11.gz:metadata', 'count', 9.00, NULL),
	(415, 1741617060, 60, 'cache_hit', 'lv:v3.11.2:file:e38c9e2c-access.log.10.gz:metadata', 'count', 5.00, NULL),
	(416, 1741617000, 360, 'cache_hit', 'lv:v3.11.2:file:e38c9e2c-access.log.10.gz:metadata', 'count', 9.00, NULL),
	(417, 1741617060, 60, 'cache_hit', 'lv:v3.11.2:file:62a2f40a-access.log.1:metadata', 'count', 5.00, NULL),
	(418, 1741617000, 360, 'cache_hit', 'lv:v3.11.2:file:62a2f40a-access.log.1:metadata', 'count', 9.00, NULL),
	(419, 1741617060, 60, 'cache_hit', 'lv:v3.11.2:file:51fab2a2-access.log:metadata', 'count', 5.00, NULL),
	(420, 1741617000, 360, 'cache_hit', 'lv:v3.11.2:file:51fab2a2-access.log:metadata', 'count', 9.00, NULL),
	(421, 1741617060, 60, 'cache_hit', 'lv:v3.11.2:file:d99a4641-EMS_error.log:metadata', 'count', 5.00, NULL),
	(422, 1741617000, 360, 'cache_hit', 'lv:v3.11.2:file:d99a4641-EMS_error.log:metadata', 'count', 9.00, NULL),
	(423, 1741617060, 60, 'cache_hit', 'lv:v3.11.2:file:f5136dbb-EMS_access.log.1:metadata', 'count', 5.00, NULL),
	(424, 1741617000, 360, 'cache_hit', 'lv:v3.11.2:file:f5136dbb-EMS_access.log.1:metadata', 'count', 9.00, NULL),
	(425, 1741617060, 60, 'cache_hit', 'lv:v3.11.2:file:406ff394-EMS_access.log:metadata', 'count', 5.00, NULL),
	(426, 1741617000, 360, 'cache_hit', 'lv:v3.11.2:file:406ff394-EMS_access.log:metadata', 'count', 9.00, NULL),
	(427, 1741617060, 60, 'cache_hit', 'lv:v3.11.2:file:7c32c5d6-laravel.log:metadata', 'count', 5.00, NULL),
	(428, 1741617000, 360, 'cache_hit', 'lv:v3.11.2:file:7c32c5d6-laravel.log:metadata', 'count', 9.00, NULL),
	(501, 1741617060, 60, 'cache_hit', 'lv:v3.11.2:file:7c32c5d6-laravel.log:ecf8427e:metadata', 'count', 2.00, NULL),
	(502, 1741617000, 360, 'cache_hit', 'lv:v3.11.2:file:7c32c5d6-laravel.log:ecf8427e:metadata', 'count', 4.00, NULL),
	(503, 1741616640, 1440, 'cache_hit', 'lv:v3.11.2:file:7c32c5d6-laravel.log:ecf8427e:metadata', 'count', 4.00, NULL),
	(504, 1741612320, 10080, 'cache_hit', 'lv:v3.11.2:file:7c32c5d6-laravel.log:ecf8427e:metadata', 'count', 4.00, NULL),
	(505, 1741617060, 60, 'cache_hit', 'lv:v3.11.2:file:7c32c5d6-laravel.log:ecf8427e:chunk:0', 'count', 2.00, NULL),
	(506, 1741617000, 360, 'cache_hit', 'lv:v3.11.2:file:7c32c5d6-laravel.log:ecf8427e:chunk:0', 'count', 4.00, NULL),
	(507, 1741616640, 1440, 'cache_hit', 'lv:v3.11.2:file:7c32c5d6-laravel.log:ecf8427e:chunk:0', 'count', 4.00, NULL),
	(508, 1741612320, 10080, 'cache_hit', 'lv:v3.11.2:file:7c32c5d6-laravel.log:ecf8427e:chunk:0', 'count', 4.00, NULL),
	(953, 1741617060, 60, 'cache_hit', 'spatie.permission.cache', 'count', 17.00, NULL),
	(954, 1741617000, 360, 'cache_hit', 'spatie.permission.cache', 'count', 39.00, NULL),
	(1173, 1741617240, 60, 'user_request', '1', 'count', 5.00, NULL),
	(1174, 1741617240, 60, 'cache_hit', 'spatie.permission.cache', 'count', 21.00, NULL),
	(1181, 1741617240, 60, 'cache_hit', 'lv:v3.11.2:file:fb933160-error.log.9.gz:metadata', 'count', 4.00, NULL),
	(1182, 1741617240, 60, 'cache_hit', 'lv:v3.11.2:file:fad49617-error.log.8.gz:metadata', 'count', 4.00, NULL),
	(1183, 1741617240, 60, 'cache_hit', 'lv:v3.11.2:file:a846fcb6-error.log.7.gz:metadata', 'count', 4.00, NULL),
	(1184, 1741617240, 60, 'cache_hit', 'lv:v3.11.2:file:c2a6b6ea-error.log.6.gz:metadata', 'count', 4.00, NULL),
	(1185, 1741617240, 60, 'cache_hit', 'lv:v3.11.2:file:5a02fdbc-error.log.5.gz:metadata', 'count', 4.00, NULL),
	(1186, 1741617240, 60, 'cache_hit', 'lv:v3.11.2:file:fb212820-error.log.4.gz:metadata', 'count', 4.00, NULL),
	(1187, 1741617240, 60, 'cache_hit', 'lv:v3.11.2:file:b6ce8292-error.log.3.gz:metadata', 'count', 4.00, NULL),
	(1188, 1741617240, 60, 'cache_hit', 'lv:v3.11.2:file:3f377e46-error.log.2.gz:metadata', 'count', 4.00, NULL),
	(1189, 1741617240, 60, 'cache_hit', 'lv:v3.11.2:file:4fa27d53-error.log.14.gz:metadata', 'count', 4.00, NULL),
	(1190, 1741617240, 60, 'cache_hit', 'lv:v3.11.2:file:227afce2-error.log.13.gz:metadata', 'count', 4.00, NULL),
	(1191, 1741617240, 60, 'cache_hit', 'lv:v3.11.2:file:74bd32b4-error.log.12.gz:metadata', 'count', 4.00, NULL),
	(1192, 1741617240, 60, 'cache_hit', 'lv:v3.11.2:file:1c55433b-error.log.11.gz:metadata', 'count', 4.00, NULL),
	(1193, 1741617240, 60, 'cache_hit', 'lv:v3.11.2:file:36b485a6-error.log.10.gz:metadata', 'count', 4.00, NULL),
	(1194, 1741617240, 60, 'cache_hit', 'lv:v3.11.2:file:a9810ffd-error.log.1:metadata', 'count', 4.00, NULL),
	(1195, 1741617240, 60, 'cache_hit', 'lv:v3.11.2:file:9bfcaedc-error.log:metadata', 'count', 4.00, NULL),
	(1196, 1741617240, 60, 'cache_hit', 'lv:v3.11.2:file:77058129-ems_error.log:metadata', 'count', 4.00, NULL),
	(1197, 1741617240, 60, 'cache_hit', 'lv:v3.11.2:file:b333736d-ems_access.log:metadata', 'count', 4.00, NULL),
	(1198, 1741617240, 60, 'cache_hit', 'lv:v3.11.2:file:7bdff8c9-access.log.9.gz:metadata', 'count', 4.00, NULL),
	(1199, 1741617240, 60, 'cache_hit', 'lv:v3.11.2:file:8e8f1fa2-access.log.8.gz:metadata', 'count', 4.00, NULL),
	(1200, 1741617240, 60, 'cache_hit', 'lv:v3.11.2:file:7a808374-access.log.7.gz:metadata', 'count', 4.00, NULL),
	(1201, 1741617240, 60, 'cache_hit', 'lv:v3.11.2:file:998d6dcd-access.log.6.gz:metadata', 'count', 4.00, NULL),
	(1202, 1741617240, 60, 'cache_hit', 'lv:v3.11.2:file:ade9f459-access.log.5.gz:metadata', 'count', 4.00, NULL),
	(1203, 1741617240, 60, 'cache_hit', 'lv:v3.11.2:file:2deb7e8a-access.log.4.gz:metadata', 'count', 4.00, NULL),
	(1204, 1741617240, 60, 'cache_hit', 'lv:v3.11.2:file:39f0cbc0-access.log.3.gz:metadata', 'count', 4.00, NULL),
	(1205, 1741617240, 60, 'cache_hit', 'lv:v3.11.2:file:ef6b480c-access.log.2.gz:metadata', 'count', 4.00, NULL),
	(1206, 1741617240, 60, 'cache_hit', 'lv:v3.11.2:file:1ba34915-access.log.14.gz:metadata', 'count', 4.00, NULL),
	(1207, 1741617240, 60, 'cache_hit', 'lv:v3.11.2:file:9897f97e-access.log.13.gz:metadata', 'count', 4.00, NULL),
	(1208, 1741617240, 60, 'cache_hit', 'lv:v3.11.2:file:5fec0cd2-access.log.12.gz:metadata', 'count', 4.00, NULL),
	(1209, 1741617240, 60, 'cache_hit', 'lv:v3.11.2:file:3ac4c887-access.log.11.gz:metadata', 'count', 4.00, NULL),
	(1210, 1741617240, 60, 'cache_hit', 'lv:v3.11.2:file:e38c9e2c-access.log.10.gz:metadata', 'count', 4.00, NULL),
	(1211, 1741617240, 60, 'cache_hit', 'lv:v3.11.2:file:62a2f40a-access.log.1:metadata', 'count', 4.00, NULL),
	(1212, 1741617240, 60, 'cache_hit', 'lv:v3.11.2:file:51fab2a2-access.log:metadata', 'count', 4.00, NULL),
	(1213, 1741617240, 60, 'cache_hit', 'lv:v3.11.2:file:d99a4641-EMS_error.log:metadata', 'count', 4.00, NULL),
	(1214, 1741617240, 60, 'cache_hit', 'lv:v3.11.2:file:f5136dbb-EMS_access.log.1:metadata', 'count', 4.00, NULL),
	(1215, 1741617240, 60, 'cache_hit', 'lv:v3.11.2:file:406ff394-EMS_access.log:metadata', 'count', 4.00, NULL),
	(1216, 1741617240, 60, 'cache_hit', 'lv:v3.11.2:file:7c32c5d6-laravel.log:metadata', 'count', 4.00, NULL),
	(1325, 1741617240, 60, 'cache_hit', 'lv:v3.11.2:file:7c32c5d6-laravel.log:ecf8427e:metadata', 'count', 2.00, NULL),
	(1326, 1741617240, 60, 'cache_hit', 'lv:v3.11.2:file:7c32c5d6-laravel.log:ecf8427e:chunk:0', 'count', 2.00, NULL),
	(1869, 1741617300, 60, 'user_request', '1', 'count', 1.00, NULL),
	(1870, 1741617300, 60, 'cache_hit', 'spatie.permission.cache', 'count', 1.00, NULL);

-- Volcando estructura para tabla sendpost.pulse_entries
CREATE TABLE IF NOT EXISTS `pulse_entries` (
  `id` bigint(20) unsigned NOT NULL AUTO_INCREMENT,
  `timestamp` int(10) unsigned NOT NULL,
  `type` varchar(255) NOT NULL,
  `key` mediumtext NOT NULL,
  `key_hash` binary(16) GENERATED ALWAYS AS (unhex(md5(`key`))) VIRTUAL,
  `value` bigint(20) DEFAULT NULL,
  PRIMARY KEY (`id`),
  KEY `pulse_entries_timestamp_index` (`timestamp`),
  KEY `pulse_entries_type_index` (`type`),
  KEY `pulse_entries_key_hash_index` (`key_hash`),
  KEY `pulse_entries_timestamp_type_key_hash_value_index` (`timestamp`,`type`,`key_hash`,`value`)
) ENGINE=InnoDB AUTO_INCREMENT=470 DEFAULT CHARSET=utf8mb4 COLLATE=utf8mb4_unicode_ci;

-- Volcando datos para la tabla sendpost.pulse_entries: ~469 rows (aproximadamente)
INSERT INTO `pulse_entries` (`id`, `timestamp`, `type`, `key`, `value`) VALUES
	(1, 1741616810, 'user_request', '1', NULL),
	(2, 1741616810, 'cache_hit', 'spatie.permission.cache', NULL),
	(3, 1741616813, 'cache_hit', 'spatie.permission.cache', NULL),
	(4, 1741616813, 'cache_hit', 'spatie.permission.cache', NULL),
	(5, 1741616814, 'cache_hit', 'spatie.permission.cache', NULL),
	(6, 1741616814, 'cache_hit', 'spatie.permission.cache', NULL),
	(7, 1741616814, 'cache_hit', 'spatie.permission.cache', NULL),
	(8, 1741616814, 'cache_hit', 'spatie.permission.cache', NULL),
	(9, 1741616814, 'cache_hit', 'spatie.permission.cache', NULL),
	(10, 1741616814, 'cache_hit', 'spatie.permission.cache', NULL),
	(11, 1741616819, 'cache_hit', 'spatie.permission.cache', NULL),
	(12, 1741616824, 'cache_hit', 'spatie.permission.cache', NULL),
	(13, 1741616826, 'cache_hit', 'spatie.permission.cache', NULL),
	(14, 1741616826, 'cache_hit', 'spatie.permission.cache', NULL),
	(15, 1741616828, 'user_request', '1', NULL),
	(16, 1741616828, 'cache_miss', 'lv:v3.11.2:file:fb933160-error.log.9.gz:metadata', NULL),
	(17, 1741616828, 'cache_miss', 'lv:v3.11.2:file:fad49617-error.log.8.gz:metadata', NULL),
	(18, 1741616828, 'cache_miss', 'lv:v3.11.2:file:a846fcb6-error.log.7.gz:metadata', NULL),
	(19, 1741616828, 'cache_miss', 'lv:v3.11.2:file:c2a6b6ea-error.log.6.gz:metadata', NULL),
	(20, 1741616828, 'cache_miss', 'lv:v3.11.2:file:5a02fdbc-error.log.5.gz:metadata', NULL),
	(21, 1741616828, 'cache_miss', 'lv:v3.11.2:file:fb212820-error.log.4.gz:metadata', NULL),
	(22, 1741616828, 'cache_miss', 'lv:v3.11.2:file:b6ce8292-error.log.3.gz:metadata', NULL),
	(23, 1741616828, 'cache_miss', 'lv:v3.11.2:file:3f377e46-error.log.2.gz:metadata', NULL),
	(24, 1741616828, 'cache_miss', 'lv:v3.11.2:file:4fa27d53-error.log.14.gz:metadata', NULL),
	(25, 1741616828, 'cache_miss', 'lv:v3.11.2:file:227afce2-error.log.13.gz:metadata', NULL),
	(26, 1741616828, 'cache_miss', 'lv:v3.11.2:file:74bd32b4-error.log.12.gz:metadata', NULL),
	(27, 1741616828, 'cache_miss', 'lv:v3.11.2:file:1c55433b-error.log.11.gz:metadata', NULL),
	(28, 1741616828, 'cache_miss', 'lv:v3.11.2:file:36b485a6-error.log.10.gz:metadata', NULL),
	(29, 1741616828, 'cache_miss', 'lv:v3.11.2:file:a9810ffd-error.log.1:metadata', NULL),
	(30, 1741616828, 'cache_miss', 'lv:v3.11.2:file:9bfcaedc-error.log:metadata', NULL),
	(31, 1741616828, 'cache_miss', 'lv:v3.11.2:file:77058129-ems_error.log:metadata', NULL),
	(32, 1741616828, 'cache_miss', 'lv:v3.11.2:file:b333736d-ems_access.log:metadata', NULL),
	(33, 1741616828, 'cache_miss', 'lv:v3.11.2:file:7bdff8c9-access.log.9.gz:metadata', NULL),
	(34, 1741616828, 'cache_miss', 'lv:v3.11.2:file:8e8f1fa2-access.log.8.gz:metadata', NULL),
	(35, 1741616828, 'cache_miss', 'lv:v3.11.2:file:7a808374-access.log.7.gz:metadata', NULL),
	(36, 1741616828, 'cache_miss', 'lv:v3.11.2:file:998d6dcd-access.log.6.gz:metadata', NULL),
	(37, 1741616828, 'cache_miss', 'lv:v3.11.2:file:ade9f459-access.log.5.gz:metadata', NULL),
	(38, 1741616828, 'cache_miss', 'lv:v3.11.2:file:2deb7e8a-access.log.4.gz:metadata', NULL),
	(39, 1741616828, 'cache_miss', 'lv:v3.11.2:file:39f0cbc0-access.log.3.gz:metadata', NULL),
	(40, 1741616828, 'cache_miss', 'lv:v3.11.2:file:ef6b480c-access.log.2.gz:metadata', NULL),
	(41, 1741616828, 'cache_miss', 'lv:v3.11.2:file:1ba34915-access.log.14.gz:metadata', NULL),
	(42, 1741616828, 'cache_miss', 'lv:v3.11.2:file:9897f97e-access.log.13.gz:metadata', NULL),
	(43, 1741616828, 'cache_miss', 'lv:v3.11.2:file:5fec0cd2-access.log.12.gz:metadata', NULL),
	(44, 1741616828, 'cache_miss', 'lv:v3.11.2:file:3ac4c887-access.log.11.gz:metadata', NULL),
	(45, 1741616828, 'cache_miss', 'lv:v3.11.2:file:e38c9e2c-access.log.10.gz:metadata', NULL),
	(46, 1741616828, 'cache_miss', 'lv:v3.11.2:file:62a2f40a-access.log.1:metadata', NULL),
	(47, 1741616828, 'cache_miss', 'lv:v3.11.2:file:51fab2a2-access.log:metadata', NULL),
	(48, 1741616828, 'cache_miss', 'lv:v3.11.2:file:d99a4641-EMS_error.log:metadata', NULL),
	(49, 1741616828, 'cache_miss', 'lv:v3.11.2:file:f5136dbb-EMS_access.log.1:metadata', NULL),
	(50, 1741616828, 'cache_miss', 'lv:v3.11.2:file:406ff394-EMS_access.log:metadata', NULL),
	(51, 1741616828, 'cache_miss', 'lv:v3.11.2:file:7c32c5d6-laravel.log:metadata', NULL),
	(52, 1741616830, 'cache_hit', 'lv:v3.11.2:file:fb933160-error.log.9.gz:metadata', NULL),
	(53, 1741616830, 'cache_hit', 'lv:v3.11.2:file:fad49617-error.log.8.gz:metadata', NULL),
	(54, 1741616830, 'cache_hit', 'lv:v3.11.2:file:a846fcb6-error.log.7.gz:metadata', NULL),
	(55, 1741616830, 'cache_hit', 'lv:v3.11.2:file:c2a6b6ea-error.log.6.gz:metadata', NULL),
	(56, 1741616830, 'cache_hit', 'lv:v3.11.2:file:5a02fdbc-error.log.5.gz:metadata', NULL),
	(57, 1741616830, 'cache_hit', 'lv:v3.11.2:file:fb212820-error.log.4.gz:metadata', NULL),
	(58, 1741616830, 'cache_hit', 'lv:v3.11.2:file:b6ce8292-error.log.3.gz:metadata', NULL),
	(59, 1741616830, 'cache_hit', 'lv:v3.11.2:file:3f377e46-error.log.2.gz:metadata', NULL),
	(60, 1741616830, 'cache_hit', 'lv:v3.11.2:file:4fa27d53-error.log.14.gz:metadata', NULL),
	(61, 1741616830, 'cache_hit', 'lv:v3.11.2:file:227afce2-error.log.13.gz:metadata', NULL),
	(62, 1741616830, 'cache_hit', 'lv:v3.11.2:file:74bd32b4-error.log.12.gz:metadata', NULL),
	(63, 1741616830, 'cache_hit', 'lv:v3.11.2:file:1c55433b-error.log.11.gz:metadata', NULL),
	(64, 1741616830, 'cache_hit', 'lv:v3.11.2:file:36b485a6-error.log.10.gz:metadata', NULL),
	(65, 1741616830, 'cache_hit', 'lv:v3.11.2:file:a9810ffd-error.log.1:metadata', NULL),
	(66, 1741616830, 'cache_hit', 'lv:v3.11.2:file:9bfcaedc-error.log:metadata', NULL),
	(67, 1741616830, 'cache_hit', 'lv:v3.11.2:file:77058129-ems_error.log:metadata', NULL),
	(68, 1741616830, 'cache_hit', 'lv:v3.11.2:file:b333736d-ems_access.log:metadata', NULL),
	(69, 1741616830, 'cache_hit', 'lv:v3.11.2:file:7bdff8c9-access.log.9.gz:metadata', NULL),
	(70, 1741616830, 'cache_hit', 'lv:v3.11.2:file:8e8f1fa2-access.log.8.gz:metadata', NULL),
	(71, 1741616830, 'cache_hit', 'lv:v3.11.2:file:7a808374-access.log.7.gz:metadata', NULL),
	(72, 1741616830, 'cache_hit', 'lv:v3.11.2:file:998d6dcd-access.log.6.gz:metadata', NULL),
	(73, 1741616830, 'cache_hit', 'lv:v3.11.2:file:ade9f459-access.log.5.gz:metadata', NULL),
	(74, 1741616830, 'cache_hit', 'lv:v3.11.2:file:2deb7e8a-access.log.4.gz:metadata', NULL),
	(75, 1741616830, 'cache_hit', 'lv:v3.11.2:file:39f0cbc0-access.log.3.gz:metadata', NULL),
	(76, 1741616830, 'cache_hit', 'lv:v3.11.2:file:ef6b480c-access.log.2.gz:metadata', NULL),
	(77, 1741616830, 'cache_hit', 'lv:v3.11.2:file:1ba34915-access.log.14.gz:metadata', NULL),
	(78, 1741616830, 'cache_hit', 'lv:v3.11.2:file:9897f97e-access.log.13.gz:metadata', NULL),
	(79, 1741616830, 'cache_hit', 'lv:v3.11.2:file:5fec0cd2-access.log.12.gz:metadata', NULL),
	(80, 1741616830, 'cache_hit', 'lv:v3.11.2:file:3ac4c887-access.log.11.gz:metadata', NULL),
	(81, 1741616830, 'cache_hit', 'lv:v3.11.2:file:e38c9e2c-access.log.10.gz:metadata', NULL),
	(82, 1741616830, 'cache_hit', 'lv:v3.11.2:file:62a2f40a-access.log.1:metadata', NULL),
	(83, 1741616830, 'cache_hit', 'lv:v3.11.2:file:51fab2a2-access.log:metadata', NULL),
	(84, 1741616830, 'cache_hit', 'lv:v3.11.2:file:d99a4641-EMS_error.log:metadata', NULL),
	(85, 1741616830, 'cache_hit', 'lv:v3.11.2:file:f5136dbb-EMS_access.log.1:metadata', NULL),
	(86, 1741616830, 'cache_hit', 'lv:v3.11.2:file:406ff394-EMS_access.log:metadata', NULL),
	(87, 1741616830, 'cache_hit', 'lv:v3.11.2:file:7c32c5d6-laravel.log:metadata', NULL),
	(88, 1741616830, 'cache_miss', 'lv:v3.11.2:file:7c32c5d6-laravel.log:ecf8427e:metadata', NULL),
	(89, 1741617066, 'user_request', '1', NULL),
	(90, 1741617066, 'cache_hit', 'lv:v3.11.2:file:fb933160-error.log.9.gz:metadata', NULL),
	(91, 1741617066, 'cache_hit', 'lv:v3.11.2:file:fad49617-error.log.8.gz:metadata', NULL),
	(92, 1741617066, 'cache_hit', 'lv:v3.11.2:file:a846fcb6-error.log.7.gz:metadata', NULL),
	(93, 1741617066, 'cache_hit', 'lv:v3.11.2:file:c2a6b6ea-error.log.6.gz:metadata', NULL),
	(94, 1741617066, 'cache_hit', 'lv:v3.11.2:file:5a02fdbc-error.log.5.gz:metadata', NULL),
	(95, 1741617066, 'cache_hit', 'lv:v3.11.2:file:fb212820-error.log.4.gz:metadata', NULL),
	(96, 1741617066, 'cache_hit', 'lv:v3.11.2:file:b6ce8292-error.log.3.gz:metadata', NULL),
	(97, 1741617066, 'cache_hit', 'lv:v3.11.2:file:3f377e46-error.log.2.gz:metadata', NULL),
	(98, 1741617066, 'cache_hit', 'lv:v3.11.2:file:4fa27d53-error.log.14.gz:metadata', NULL),
	(99, 1741617066, 'cache_hit', 'lv:v3.11.2:file:227afce2-error.log.13.gz:metadata', NULL),
	(100, 1741617066, 'cache_hit', 'lv:v3.11.2:file:74bd32b4-error.log.12.gz:metadata', NULL),
	(101, 1741617066, 'cache_hit', 'lv:v3.11.2:file:1c55433b-error.log.11.gz:metadata', NULL),
	(102, 1741617066, 'cache_hit', 'lv:v3.11.2:file:36b485a6-error.log.10.gz:metadata', NULL),
	(103, 1741617066, 'cache_hit', 'lv:v3.11.2:file:a9810ffd-error.log.1:metadata', NULL),
	(104, 1741617066, 'cache_hit', 'lv:v3.11.2:file:9bfcaedc-error.log:metadata', NULL),
	(105, 1741617066, 'cache_hit', 'lv:v3.11.2:file:77058129-ems_error.log:metadata', NULL),
	(106, 1741617066, 'cache_hit', 'lv:v3.11.2:file:b333736d-ems_access.log:metadata', NULL),
	(107, 1741617066, 'cache_hit', 'lv:v3.11.2:file:7bdff8c9-access.log.9.gz:metadata', NULL),
	(108, 1741617066, 'cache_hit', 'lv:v3.11.2:file:8e8f1fa2-access.log.8.gz:metadata', NULL),
	(109, 1741617066, 'cache_hit', 'lv:v3.11.2:file:7a808374-access.log.7.gz:metadata', NULL),
	(110, 1741617066, 'cache_hit', 'lv:v3.11.2:file:998d6dcd-access.log.6.gz:metadata', NULL),
	(111, 1741617066, 'cache_hit', 'lv:v3.11.2:file:ade9f459-access.log.5.gz:metadata', NULL),
	(112, 1741617066, 'cache_hit', 'lv:v3.11.2:file:2deb7e8a-access.log.4.gz:metadata', NULL),
	(113, 1741617066, 'cache_hit', 'lv:v3.11.2:file:39f0cbc0-access.log.3.gz:metadata', NULL),
	(114, 1741617066, 'cache_hit', 'lv:v3.11.2:file:ef6b480c-access.log.2.gz:metadata', NULL),
	(115, 1741617066, 'cache_hit', 'lv:v3.11.2:file:1ba34915-access.log.14.gz:metadata', NULL),
	(116, 1741617066, 'cache_hit', 'lv:v3.11.2:file:9897f97e-access.log.13.gz:metadata', NULL),
	(117, 1741617066, 'cache_hit', 'lv:v3.11.2:file:5fec0cd2-access.log.12.gz:metadata', NULL),
	(118, 1741617066, 'cache_hit', 'lv:v3.11.2:file:3ac4c887-access.log.11.gz:metadata', NULL),
	(119, 1741617066, 'cache_hit', 'lv:v3.11.2:file:e38c9e2c-access.log.10.gz:metadata', NULL),
	(120, 1741617066, 'cache_hit', 'lv:v3.11.2:file:62a2f40a-access.log.1:metadata', NULL),
	(121, 1741617066, 'cache_hit', 'lv:v3.11.2:file:51fab2a2-access.log:metadata', NULL),
	(122, 1741617066, 'cache_hit', 'lv:v3.11.2:file:d99a4641-EMS_error.log:metadata', NULL),
	(123, 1741617066, 'cache_hit', 'lv:v3.11.2:file:f5136dbb-EMS_access.log.1:metadata', NULL),
	(124, 1741617066, 'cache_hit', 'lv:v3.11.2:file:406ff394-EMS_access.log:metadata', NULL),
	(125, 1741617066, 'cache_hit', 'lv:v3.11.2:file:7c32c5d6-laravel.log:metadata', NULL),
	(126, 1741617066, 'cache_hit', 'lv:v3.11.2:file:fb933160-error.log.9.gz:metadata', NULL),
	(127, 1741617066, 'cache_hit', 'lv:v3.11.2:file:fad49617-error.log.8.gz:metadata', NULL),
	(128, 1741617066, 'cache_hit', 'lv:v3.11.2:file:a846fcb6-error.log.7.gz:metadata', NULL),
	(129, 1741617066, 'cache_hit', 'lv:v3.11.2:file:c2a6b6ea-error.log.6.gz:metadata', NULL),
	(130, 1741617066, 'cache_hit', 'lv:v3.11.2:file:5a02fdbc-error.log.5.gz:metadata', NULL),
	(131, 1741617066, 'cache_hit', 'lv:v3.11.2:file:fb212820-error.log.4.gz:metadata', NULL),
	(132, 1741617066, 'cache_hit', 'lv:v3.11.2:file:b6ce8292-error.log.3.gz:metadata', NULL),
	(133, 1741617066, 'cache_hit', 'lv:v3.11.2:file:3f377e46-error.log.2.gz:metadata', NULL),
	(134, 1741617066, 'cache_hit', 'lv:v3.11.2:file:4fa27d53-error.log.14.gz:metadata', NULL),
	(135, 1741617066, 'cache_hit', 'lv:v3.11.2:file:227afce2-error.log.13.gz:metadata', NULL),
	(136, 1741617066, 'cache_hit', 'lv:v3.11.2:file:74bd32b4-error.log.12.gz:metadata', NULL),
	(137, 1741617066, 'cache_hit', 'lv:v3.11.2:file:1c55433b-error.log.11.gz:metadata', NULL),
	(138, 1741617066, 'cache_hit', 'lv:v3.11.2:file:36b485a6-error.log.10.gz:metadata', NULL),
	(139, 1741617066, 'cache_hit', 'lv:v3.11.2:file:a9810ffd-error.log.1:metadata', NULL),
	(140, 1741617066, 'cache_hit', 'lv:v3.11.2:file:9bfcaedc-error.log:metadata', NULL),
	(141, 1741617066, 'cache_hit', 'lv:v3.11.2:file:77058129-ems_error.log:metadata', NULL),
	(142, 1741617066, 'cache_hit', 'lv:v3.11.2:file:b333736d-ems_access.log:metadata', NULL),
	(143, 1741617066, 'cache_hit', 'lv:v3.11.2:file:7bdff8c9-access.log.9.gz:metadata', NULL),
	(144, 1741617066, 'cache_hit', 'lv:v3.11.2:file:8e8f1fa2-access.log.8.gz:metadata', NULL),
	(145, 1741617066, 'cache_hit', 'lv:v3.11.2:file:7a808374-access.log.7.gz:metadata', NULL),
	(146, 1741617066, 'cache_hit', 'lv:v3.11.2:file:998d6dcd-access.log.6.gz:metadata', NULL),
	(147, 1741617066, 'cache_hit', 'lv:v3.11.2:file:ade9f459-access.log.5.gz:metadata', NULL),
	(148, 1741617066, 'cache_hit', 'lv:v3.11.2:file:2deb7e8a-access.log.4.gz:metadata', NULL),
	(149, 1741617066, 'cache_hit', 'lv:v3.11.2:file:39f0cbc0-access.log.3.gz:metadata', NULL),
	(150, 1741617066, 'cache_hit', 'lv:v3.11.2:file:ef6b480c-access.log.2.gz:metadata', NULL),
	(151, 1741617066, 'cache_hit', 'lv:v3.11.2:file:1ba34915-access.log.14.gz:metadata', NULL),
	(152, 1741617066, 'cache_hit', 'lv:v3.11.2:file:9897f97e-access.log.13.gz:metadata', NULL),
	(153, 1741617066, 'cache_hit', 'lv:v3.11.2:file:5fec0cd2-access.log.12.gz:metadata', NULL),
	(154, 1741617066, 'cache_hit', 'lv:v3.11.2:file:3ac4c887-access.log.11.gz:metadata', NULL),
	(155, 1741617066, 'cache_hit', 'lv:v3.11.2:file:e38c9e2c-access.log.10.gz:metadata', NULL),
	(156, 1741617066, 'cache_hit', 'lv:v3.11.2:file:62a2f40a-access.log.1:metadata', NULL),
	(157, 1741617066, 'cache_hit', 'lv:v3.11.2:file:51fab2a2-access.log:metadata', NULL),
	(158, 1741617066, 'cache_hit', 'lv:v3.11.2:file:d99a4641-EMS_error.log:metadata', NULL),
	(159, 1741617066, 'cache_hit', 'lv:v3.11.2:file:f5136dbb-EMS_access.log.1:metadata', NULL),
	(160, 1741617066, 'cache_hit', 'lv:v3.11.2:file:406ff394-EMS_access.log:metadata', NULL),
	(161, 1741617066, 'cache_hit', 'lv:v3.11.2:file:7c32c5d6-laravel.log:metadata', NULL),
	(162, 1741617066, 'cache_hit', 'lv:v3.11.2:file:7c32c5d6-laravel.log:ecf8427e:metadata', NULL),
	(163, 1741617066, 'cache_hit', 'lv:v3.11.2:file:7c32c5d6-laravel.log:ecf8427e:chunk:0', NULL),
	(164, 1741617067, 'user_request', '1', NULL),
	(165, 1741617067, 'cache_hit', 'lv:v3.11.2:file:fb933160-error.log.9.gz:metadata', NULL),
	(166, 1741617067, 'cache_hit', 'lv:v3.11.2:file:fad49617-error.log.8.gz:metadata', NULL),
	(167, 1741617067, 'cache_hit', 'lv:v3.11.2:file:a846fcb6-error.log.7.gz:metadata', NULL),
	(168, 1741617067, 'cache_hit', 'lv:v3.11.2:file:c2a6b6ea-error.log.6.gz:metadata', NULL),
	(169, 1741617067, 'cache_hit', 'lv:v3.11.2:file:5a02fdbc-error.log.5.gz:metadata', NULL),
	(170, 1741617067, 'cache_hit', 'lv:v3.11.2:file:fb212820-error.log.4.gz:metadata', NULL),
	(171, 1741617067, 'cache_hit', 'lv:v3.11.2:file:b6ce8292-error.log.3.gz:metadata', NULL),
	(172, 1741617067, 'cache_hit', 'lv:v3.11.2:file:3f377e46-error.log.2.gz:metadata', NULL),
	(173, 1741617067, 'cache_hit', 'lv:v3.11.2:file:4fa27d53-error.log.14.gz:metadata', NULL),
	(174, 1741617067, 'cache_hit', 'lv:v3.11.2:file:227afce2-error.log.13.gz:metadata', NULL),
	(175, 1741617067, 'cache_hit', 'lv:v3.11.2:file:74bd32b4-error.log.12.gz:metadata', NULL),
	(176, 1741617067, 'cache_hit', 'lv:v3.11.2:file:1c55433b-error.log.11.gz:metadata', NULL),
	(177, 1741617067, 'cache_hit', 'lv:v3.11.2:file:36b485a6-error.log.10.gz:metadata', NULL),
	(178, 1741617067, 'cache_hit', 'lv:v3.11.2:file:a9810ffd-error.log.1:metadata', NULL),
	(179, 1741617067, 'cache_hit', 'lv:v3.11.2:file:9bfcaedc-error.log:metadata', NULL),
	(180, 1741617067, 'cache_hit', 'lv:v3.11.2:file:77058129-ems_error.log:metadata', NULL),
	(181, 1741617067, 'cache_hit', 'lv:v3.11.2:file:b333736d-ems_access.log:metadata', NULL),
	(182, 1741617067, 'cache_hit', 'lv:v3.11.2:file:7bdff8c9-access.log.9.gz:metadata', NULL),
	(183, 1741617067, 'cache_hit', 'lv:v3.11.2:file:8e8f1fa2-access.log.8.gz:metadata', NULL),
	(184, 1741617067, 'cache_hit', 'lv:v3.11.2:file:7a808374-access.log.7.gz:metadata', NULL),
	(185, 1741617067, 'cache_hit', 'lv:v3.11.2:file:998d6dcd-access.log.6.gz:metadata', NULL),
	(186, 1741617067, 'cache_hit', 'lv:v3.11.2:file:ade9f459-access.log.5.gz:metadata', NULL),
	(187, 1741617067, 'cache_hit', 'lv:v3.11.2:file:2deb7e8a-access.log.4.gz:metadata', NULL),
	(188, 1741617067, 'cache_hit', 'lv:v3.11.2:file:39f0cbc0-access.log.3.gz:metadata', NULL),
	(189, 1741617067, 'cache_hit', 'lv:v3.11.2:file:ef6b480c-access.log.2.gz:metadata', NULL),
	(190, 1741617067, 'cache_hit', 'lv:v3.11.2:file:1ba34915-access.log.14.gz:metadata', NULL),
	(191, 1741617067, 'cache_hit', 'lv:v3.11.2:file:9897f97e-access.log.13.gz:metadata', NULL),
	(192, 1741617067, 'cache_hit', 'lv:v3.11.2:file:5fec0cd2-access.log.12.gz:metadata', NULL),
	(193, 1741617067, 'cache_hit', 'lv:v3.11.2:file:3ac4c887-access.log.11.gz:metadata', NULL),
	(194, 1741617067, 'cache_hit', 'lv:v3.11.2:file:e38c9e2c-access.log.10.gz:metadata', NULL),
	(195, 1741617067, 'cache_hit', 'lv:v3.11.2:file:62a2f40a-access.log.1:metadata', NULL),
	(196, 1741617067, 'cache_hit', 'lv:v3.11.2:file:51fab2a2-access.log:metadata', NULL),
	(197, 1741617067, 'cache_hit', 'lv:v3.11.2:file:d99a4641-EMS_error.log:metadata', NULL),
	(198, 1741617067, 'cache_hit', 'lv:v3.11.2:file:f5136dbb-EMS_access.log.1:metadata', NULL),
	(199, 1741617067, 'cache_hit', 'lv:v3.11.2:file:406ff394-EMS_access.log:metadata', NULL),
	(200, 1741617067, 'cache_hit', 'lv:v3.11.2:file:7c32c5d6-laravel.log:metadata', NULL),
	(201, 1741617067, 'cache_hit', 'lv:v3.11.2:file:fb933160-error.log.9.gz:metadata', NULL),
	(202, 1741617067, 'cache_hit', 'lv:v3.11.2:file:fad49617-error.log.8.gz:metadata', NULL),
	(203, 1741617067, 'cache_hit', 'lv:v3.11.2:file:a846fcb6-error.log.7.gz:metadata', NULL),
	(204, 1741617067, 'cache_hit', 'lv:v3.11.2:file:c2a6b6ea-error.log.6.gz:metadata', NULL),
	(205, 1741617067, 'cache_hit', 'lv:v3.11.2:file:5a02fdbc-error.log.5.gz:metadata', NULL),
	(206, 1741617067, 'cache_hit', 'lv:v3.11.2:file:fb212820-error.log.4.gz:metadata', NULL),
	(207, 1741617067, 'cache_hit', 'lv:v3.11.2:file:b6ce8292-error.log.3.gz:metadata', NULL),
	(208, 1741617067, 'cache_hit', 'lv:v3.11.2:file:3f377e46-error.log.2.gz:metadata', NULL),
	(209, 1741617067, 'cache_hit', 'lv:v3.11.2:file:4fa27d53-error.log.14.gz:metadata', NULL),
	(210, 1741617067, 'cache_hit', 'lv:v3.11.2:file:227afce2-error.log.13.gz:metadata', NULL),
	(211, 1741617067, 'cache_hit', 'lv:v3.11.2:file:74bd32b4-error.log.12.gz:metadata', NULL),
	(212, 1741617067, 'cache_hit', 'lv:v3.11.2:file:1c55433b-error.log.11.gz:metadata', NULL),
	(213, 1741617067, 'cache_hit', 'lv:v3.11.2:file:36b485a6-error.log.10.gz:metadata', NULL),
	(214, 1741617067, 'cache_hit', 'lv:v3.11.2:file:a9810ffd-error.log.1:metadata', NULL),
	(215, 1741617067, 'cache_hit', 'lv:v3.11.2:file:9bfcaedc-error.log:metadata', NULL),
	(216, 1741617067, 'cache_hit', 'lv:v3.11.2:file:77058129-ems_error.log:metadata', NULL),
	(217, 1741617067, 'cache_hit', 'lv:v3.11.2:file:b333736d-ems_access.log:metadata', NULL),
	(218, 1741617067, 'cache_hit', 'lv:v3.11.2:file:7bdff8c9-access.log.9.gz:metadata', NULL),
	(219, 1741617067, 'cache_hit', 'lv:v3.11.2:file:8e8f1fa2-access.log.8.gz:metadata', NULL),
	(220, 1741617067, 'cache_hit', 'lv:v3.11.2:file:7a808374-access.log.7.gz:metadata', NULL),
	(221, 1741617067, 'cache_hit', 'lv:v3.11.2:file:998d6dcd-access.log.6.gz:metadata', NULL),
	(222, 1741617067, 'cache_hit', 'lv:v3.11.2:file:ade9f459-access.log.5.gz:metadata', NULL),
	(223, 1741617067, 'cache_hit', 'lv:v3.11.2:file:2deb7e8a-access.log.4.gz:metadata', NULL),
	(224, 1741617067, 'cache_hit', 'lv:v3.11.2:file:39f0cbc0-access.log.3.gz:metadata', NULL),
	(225, 1741617067, 'cache_hit', 'lv:v3.11.2:file:ef6b480c-access.log.2.gz:metadata', NULL),
	(226, 1741617067, 'cache_hit', 'lv:v3.11.2:file:1ba34915-access.log.14.gz:metadata', NULL),
	(227, 1741617067, 'cache_hit', 'lv:v3.11.2:file:9897f97e-access.log.13.gz:metadata', NULL),
	(228, 1741617067, 'cache_hit', 'lv:v3.11.2:file:5fec0cd2-access.log.12.gz:metadata', NULL),
	(229, 1741617067, 'cache_hit', 'lv:v3.11.2:file:3ac4c887-access.log.11.gz:metadata', NULL),
	(230, 1741617067, 'cache_hit', 'lv:v3.11.2:file:e38c9e2c-access.log.10.gz:metadata', NULL),
	(231, 1741617067, 'cache_hit', 'lv:v3.11.2:file:62a2f40a-access.log.1:metadata', NULL),
	(232, 1741617067, 'cache_hit', 'lv:v3.11.2:file:51fab2a2-access.log:metadata', NULL),
	(233, 1741617067, 'cache_hit', 'lv:v3.11.2:file:d99a4641-EMS_error.log:metadata', NULL),
	(234, 1741617067, 'cache_hit', 'lv:v3.11.2:file:f5136dbb-EMS_access.log.1:metadata', NULL),
	(235, 1741617067, 'cache_hit', 'lv:v3.11.2:file:406ff394-EMS_access.log:metadata', NULL),
	(236, 1741617067, 'cache_hit', 'lv:v3.11.2:file:7c32c5d6-laravel.log:metadata', NULL),
	(237, 1741617067, 'cache_hit', 'lv:v3.11.2:file:7c32c5d6-laravel.log:ecf8427e:metadata', NULL),
	(238, 1741617067, 'cache_hit', 'lv:v3.11.2:file:7c32c5d6-laravel.log:ecf8427e:chunk:0', NULL),
	(239, 1741617070, 'cache_hit', 'spatie.permission.cache', NULL),
	(240, 1741617071, 'cache_hit', 'spatie.permission.cache', NULL),
	(241, 1741617071, 'cache_hit', 'spatie.permission.cache', NULL),
	(242, 1741617071, 'cache_hit', 'spatie.permission.cache', NULL),
	(243, 1741617071, 'cache_hit', 'spatie.permission.cache', NULL),
	(244, 1741617071, 'cache_hit', 'spatie.permission.cache', NULL),
	(245, 1741617071, 'cache_hit', 'spatie.permission.cache', NULL),
	(246, 1741617071, 'cache_hit', 'spatie.permission.cache', NULL),
	(247, 1741617073, 'cache_hit', 'spatie.permission.cache', NULL),
	(248, 1741617074, 'cache_hit', 'spatie.permission.cache', NULL),
	(249, 1741617074, 'cache_hit', 'spatie.permission.cache', NULL),
	(250, 1741617074, 'cache_hit', 'spatie.permission.cache', NULL),
	(251, 1741617074, 'cache_hit', 'spatie.permission.cache', NULL),
	(252, 1741617074, 'cache_hit', 'spatie.permission.cache', NULL),
	(253, 1741617074, 'cache_hit', 'spatie.permission.cache', NULL),
	(254, 1741617074, 'cache_hit', 'spatie.permission.cache', NULL),
	(255, 1741617075, 'user_request', '1', NULL),
	(256, 1741617075, 'cache_hit', 'spatie.permission.cache', NULL),
	(257, 1741617077, 'user_request', '1', NULL),
	(258, 1741617078, 'cache_hit', 'lv:v3.11.2:file:fb933160-error.log.9.gz:metadata', NULL),
	(259, 1741617078, 'cache_hit', 'lv:v3.11.2:file:fad49617-error.log.8.gz:metadata', NULL),
	(260, 1741617078, 'cache_hit', 'lv:v3.11.2:file:a846fcb6-error.log.7.gz:metadata', NULL),
	(261, 1741617078, 'cache_hit', 'lv:v3.11.2:file:c2a6b6ea-error.log.6.gz:metadata', NULL),
	(262, 1741617078, 'cache_hit', 'lv:v3.11.2:file:5a02fdbc-error.log.5.gz:metadata', NULL),
	(263, 1741617078, 'cache_hit', 'lv:v3.11.2:file:fb212820-error.log.4.gz:metadata', NULL),
	(264, 1741617078, 'cache_hit', 'lv:v3.11.2:file:b6ce8292-error.log.3.gz:metadata', NULL),
	(265, 1741617078, 'cache_hit', 'lv:v3.11.2:file:3f377e46-error.log.2.gz:metadata', NULL),
	(266, 1741617078, 'cache_hit', 'lv:v3.11.2:file:4fa27d53-error.log.14.gz:metadata', NULL),
	(267, 1741617078, 'cache_hit', 'lv:v3.11.2:file:227afce2-error.log.13.gz:metadata', NULL),
	(268, 1741617078, 'cache_hit', 'lv:v3.11.2:file:74bd32b4-error.log.12.gz:metadata', NULL),
	(269, 1741617078, 'cache_hit', 'lv:v3.11.2:file:1c55433b-error.log.11.gz:metadata', NULL),
	(270, 1741617078, 'cache_hit', 'lv:v3.11.2:file:36b485a6-error.log.10.gz:metadata', NULL),
	(271, 1741617078, 'cache_hit', 'lv:v3.11.2:file:a9810ffd-error.log.1:metadata', NULL),
	(272, 1741617078, 'cache_hit', 'lv:v3.11.2:file:9bfcaedc-error.log:metadata', NULL),
	(273, 1741617078, 'cache_hit', 'lv:v3.11.2:file:77058129-ems_error.log:metadata', NULL),
	(274, 1741617078, 'cache_hit', 'lv:v3.11.2:file:b333736d-ems_access.log:metadata', NULL),
	(275, 1741617078, 'cache_hit', 'lv:v3.11.2:file:7bdff8c9-access.log.9.gz:metadata', NULL),
	(276, 1741617078, 'cache_hit', 'lv:v3.11.2:file:8e8f1fa2-access.log.8.gz:metadata', NULL),
	(277, 1741617078, 'cache_hit', 'lv:v3.11.2:file:7a808374-access.log.7.gz:metadata', NULL),
	(278, 1741617078, 'cache_hit', 'lv:v3.11.2:file:998d6dcd-access.log.6.gz:metadata', NULL),
	(279, 1741617078, 'cache_hit', 'lv:v3.11.2:file:ade9f459-access.log.5.gz:metadata', NULL),
	(280, 1741617078, 'cache_hit', 'lv:v3.11.2:file:2deb7e8a-access.log.4.gz:metadata', NULL),
	(281, 1741617078, 'cache_hit', 'lv:v3.11.2:file:39f0cbc0-access.log.3.gz:metadata', NULL),
	(282, 1741617078, 'cache_hit', 'lv:v3.11.2:file:ef6b480c-access.log.2.gz:metadata', NULL),
	(283, 1741617078, 'cache_hit', 'lv:v3.11.2:file:1ba34915-access.log.14.gz:metadata', NULL),
	(284, 1741617078, 'cache_hit', 'lv:v3.11.2:file:9897f97e-access.log.13.gz:metadata', NULL),
	(285, 1741617078, 'cache_hit', 'lv:v3.11.2:file:5fec0cd2-access.log.12.gz:metadata', NULL),
	(286, 1741617078, 'cache_hit', 'lv:v3.11.2:file:3ac4c887-access.log.11.gz:metadata', NULL),
	(287, 1741617078, 'cache_hit', 'lv:v3.11.2:file:e38c9e2c-access.log.10.gz:metadata', NULL),
	(288, 1741617078, 'cache_hit', 'lv:v3.11.2:file:62a2f40a-access.log.1:metadata', NULL),
	(289, 1741617078, 'cache_hit', 'lv:v3.11.2:file:51fab2a2-access.log:metadata', NULL),
	(290, 1741617078, 'cache_hit', 'lv:v3.11.2:file:d99a4641-EMS_error.log:metadata', NULL),
	(291, 1741617078, 'cache_hit', 'lv:v3.11.2:file:f5136dbb-EMS_access.log.1:metadata', NULL),
	(292, 1741617078, 'cache_hit', 'lv:v3.11.2:file:406ff394-EMS_access.log:metadata', NULL),
	(293, 1741617078, 'cache_hit', 'lv:v3.11.2:file:7c32c5d6-laravel.log:metadata', NULL),
	(294, 1741617262, 'user_request', '1', NULL),
	(295, 1741617262, 'cache_hit', 'spatie.permission.cache', NULL),
	(296, 1741617262, 'cache_hit', 'lv:v3.11.2:file:fb933160-error.log.9.gz:metadata', NULL),
	(297, 1741617262, 'cache_hit', 'lv:v3.11.2:file:fad49617-error.log.8.gz:metadata', NULL),
	(298, 1741617262, 'cache_hit', 'lv:v3.11.2:file:a846fcb6-error.log.7.gz:metadata', NULL),
	(299, 1741617262, 'cache_hit', 'lv:v3.11.2:file:c2a6b6ea-error.log.6.gz:metadata', NULL),
	(300, 1741617262, 'cache_hit', 'lv:v3.11.2:file:5a02fdbc-error.log.5.gz:metadata', NULL),
	(301, 1741617262, 'cache_hit', 'lv:v3.11.2:file:fb212820-error.log.4.gz:metadata', NULL),
	(302, 1741617262, 'cache_hit', 'lv:v3.11.2:file:b6ce8292-error.log.3.gz:metadata', NULL),
	(303, 1741617262, 'cache_hit', 'lv:v3.11.2:file:3f377e46-error.log.2.gz:metadata', NULL),
	(304, 1741617262, 'cache_hit', 'lv:v3.11.2:file:4fa27d53-error.log.14.gz:metadata', NULL),
	(305, 1741617262, 'cache_hit', 'lv:v3.11.2:file:227afce2-error.log.13.gz:metadata', NULL),
	(306, 1741617262, 'cache_hit', 'lv:v3.11.2:file:74bd32b4-error.log.12.gz:metadata', NULL),
	(307, 1741617262, 'cache_hit', 'lv:v3.11.2:file:1c55433b-error.log.11.gz:metadata', NULL),
	(308, 1741617262, 'cache_hit', 'lv:v3.11.2:file:36b485a6-error.log.10.gz:metadata', NULL),
	(309, 1741617262, 'cache_hit', 'lv:v3.11.2:file:a9810ffd-error.log.1:metadata', NULL),
	(310, 1741617262, 'cache_hit', 'lv:v3.11.2:file:9bfcaedc-error.log:metadata', NULL),
	(311, 1741617262, 'cache_hit', 'lv:v3.11.2:file:77058129-ems_error.log:metadata', NULL),
	(312, 1741617262, 'cache_hit', 'lv:v3.11.2:file:b333736d-ems_access.log:metadata', NULL),
	(313, 1741617262, 'cache_hit', 'lv:v3.11.2:file:7bdff8c9-access.log.9.gz:metadata', NULL),
	(314, 1741617262, 'cache_hit', 'lv:v3.11.2:file:8e8f1fa2-access.log.8.gz:metadata', NULL),
	(315, 1741617262, 'cache_hit', 'lv:v3.11.2:file:7a808374-access.log.7.gz:metadata', NULL),
	(316, 1741617262, 'cache_hit', 'lv:v3.11.2:file:998d6dcd-access.log.6.gz:metadata', NULL),
	(317, 1741617262, 'cache_hit', 'lv:v3.11.2:file:ade9f459-access.log.5.gz:metadata', NULL),
	(318, 1741617262, 'cache_hit', 'lv:v3.11.2:file:2deb7e8a-access.log.4.gz:metadata', NULL),
	(319, 1741617262, 'cache_hit', 'lv:v3.11.2:file:39f0cbc0-access.log.3.gz:metadata', NULL),
	(320, 1741617262, 'cache_hit', 'lv:v3.11.2:file:ef6b480c-access.log.2.gz:metadata', NULL),
	(321, 1741617262, 'cache_hit', 'lv:v3.11.2:file:1ba34915-access.log.14.gz:metadata', NULL),
	(322, 1741617262, 'cache_hit', 'lv:v3.11.2:file:9897f97e-access.log.13.gz:metadata', NULL),
	(323, 1741617262, 'cache_hit', 'lv:v3.11.2:file:5fec0cd2-access.log.12.gz:metadata', NULL),
	(324, 1741617262, 'cache_hit', 'lv:v3.11.2:file:3ac4c887-access.log.11.gz:metadata', NULL),
	(325, 1741617262, 'cache_hit', 'lv:v3.11.2:file:e38c9e2c-access.log.10.gz:metadata', NULL),
	(326, 1741617262, 'cache_hit', 'lv:v3.11.2:file:62a2f40a-access.log.1:metadata', NULL),
	(327, 1741617262, 'cache_hit', 'lv:v3.11.2:file:51fab2a2-access.log:metadata', NULL),
	(328, 1741617262, 'cache_hit', 'lv:v3.11.2:file:d99a4641-EMS_error.log:metadata', NULL),
	(329, 1741617262, 'cache_hit', 'lv:v3.11.2:file:f5136dbb-EMS_access.log.1:metadata', NULL),
	(330, 1741617262, 'cache_hit', 'lv:v3.11.2:file:406ff394-EMS_access.log:metadata', NULL),
	(331, 1741617262, 'cache_hit', 'lv:v3.11.2:file:7c32c5d6-laravel.log:metadata', NULL),
	(332, 1741617270, 'cache_hit', 'lv:v3.11.2:file:fb933160-error.log.9.gz:metadata', NULL),
	(333, 1741617270, 'cache_hit', 'lv:v3.11.2:file:fad49617-error.log.8.gz:metadata', NULL),
	(334, 1741617270, 'cache_hit', 'lv:v3.11.2:file:a846fcb6-error.log.7.gz:metadata', NULL),
	(335, 1741617270, 'cache_hit', 'lv:v3.11.2:file:c2a6b6ea-error.log.6.gz:metadata', NULL),
	(336, 1741617270, 'cache_hit', 'lv:v3.11.2:file:5a02fdbc-error.log.5.gz:metadata', NULL),
	(337, 1741617270, 'cache_hit', 'lv:v3.11.2:file:fb212820-error.log.4.gz:metadata', NULL),
	(338, 1741617270, 'cache_hit', 'lv:v3.11.2:file:b6ce8292-error.log.3.gz:metadata', NULL),
	(339, 1741617270, 'cache_hit', 'lv:v3.11.2:file:3f377e46-error.log.2.gz:metadata', NULL),
	(340, 1741617270, 'cache_hit', 'lv:v3.11.2:file:4fa27d53-error.log.14.gz:metadata', NULL),
	(341, 1741617270, 'cache_hit', 'lv:v3.11.2:file:227afce2-error.log.13.gz:metadata', NULL),
	(342, 1741617270, 'cache_hit', 'lv:v3.11.2:file:74bd32b4-error.log.12.gz:metadata', NULL),
	(343, 1741617270, 'cache_hit', 'lv:v3.11.2:file:1c55433b-error.log.11.gz:metadata', NULL),
	(344, 1741617270, 'cache_hit', 'lv:v3.11.2:file:36b485a6-error.log.10.gz:metadata', NULL),
	(345, 1741617270, 'cache_hit', 'lv:v3.11.2:file:a9810ffd-error.log.1:metadata', NULL),
	(346, 1741617270, 'cache_hit', 'lv:v3.11.2:file:9bfcaedc-error.log:metadata', NULL),
	(347, 1741617270, 'cache_hit', 'lv:v3.11.2:file:77058129-ems_error.log:metadata', NULL),
	(348, 1741617270, 'cache_hit', 'lv:v3.11.2:file:b333736d-ems_access.log:metadata', NULL),
	(349, 1741617270, 'cache_hit', 'lv:v3.11.2:file:7bdff8c9-access.log.9.gz:metadata', NULL),
	(350, 1741617270, 'cache_hit', 'lv:v3.11.2:file:8e8f1fa2-access.log.8.gz:metadata', NULL),
	(351, 1741617270, 'cache_hit', 'lv:v3.11.2:file:7a808374-access.log.7.gz:metadata', NULL),
	(352, 1741617270, 'cache_hit', 'lv:v3.11.2:file:998d6dcd-access.log.6.gz:metadata', NULL),
	(353, 1741617270, 'cache_hit', 'lv:v3.11.2:file:ade9f459-access.log.5.gz:metadata', NULL),
	(354, 1741617270, 'cache_hit', 'lv:v3.11.2:file:2deb7e8a-access.log.4.gz:metadata', NULL),
	(355, 1741617270, 'cache_hit', 'lv:v3.11.2:file:39f0cbc0-access.log.3.gz:metadata', NULL),
	(356, 1741617270, 'cache_hit', 'lv:v3.11.2:file:ef6b480c-access.log.2.gz:metadata', NULL),
	(357, 1741617270, 'cache_hit', 'lv:v3.11.2:file:1ba34915-access.log.14.gz:metadata', NULL),
	(358, 1741617270, 'cache_hit', 'lv:v3.11.2:file:9897f97e-access.log.13.gz:metadata', NULL),
	(359, 1741617270, 'cache_hit', 'lv:v3.11.2:file:5fec0cd2-access.log.12.gz:metadata', NULL),
	(360, 1741617270, 'cache_hit', 'lv:v3.11.2:file:3ac4c887-access.log.11.gz:metadata', NULL),
	(361, 1741617270, 'cache_hit', 'lv:v3.11.2:file:e38c9e2c-access.log.10.gz:metadata', NULL),
	(362, 1741617270, 'cache_hit', 'lv:v3.11.2:file:62a2f40a-access.log.1:metadata', NULL),
	(363, 1741617270, 'cache_hit', 'lv:v3.11.2:file:51fab2a2-access.log:metadata', NULL),
	(364, 1741617270, 'cache_hit', 'lv:v3.11.2:file:d99a4641-EMS_error.log:metadata', NULL),
	(365, 1741617270, 'cache_hit', 'lv:v3.11.2:file:f5136dbb-EMS_access.log.1:metadata', NULL),
	(366, 1741617270, 'cache_hit', 'lv:v3.11.2:file:406ff394-EMS_access.log:metadata', NULL),
	(367, 1741617270, 'cache_hit', 'lv:v3.11.2:file:7c32c5d6-laravel.log:metadata', NULL),
	(368, 1741617270, 'cache_hit', 'lv:v3.11.2:file:7c32c5d6-laravel.log:ecf8427e:metadata', NULL),
	(369, 1741617270, 'cache_hit', 'lv:v3.11.2:file:7c32c5d6-laravel.log:ecf8427e:chunk:0', NULL),
	(370, 1741617271, 'cache_hit', 'spatie.permission.cache', NULL),
	(371, 1741617271, 'cache_hit', 'spatie.permission.cache', NULL),
	(372, 1741617271, 'cache_hit', 'spatie.permission.cache', NULL),
	(373, 1741617271, 'cache_hit', 'spatie.permission.cache', NULL),
	(374, 1741617272, 'cache_hit', 'spatie.permission.cache', NULL),
	(375, 1741617272, 'cache_hit', 'spatie.permission.cache', NULL),
	(376, 1741617272, 'cache_hit', 'spatie.permission.cache', NULL),
	(377, 1741617272, 'cache_hit', 'spatie.permission.cache', NULL),
	(378, 1741617273, 'user_request', '1', NULL),
	(379, 1741617273, 'cache_hit', 'spatie.permission.cache', NULL),
	(380, 1741617276, 'user_request', '1', NULL),
	(381, 1741617276, 'cache_hit', 'spatie.permission.cache', NULL),
	(382, 1741617278, 'cache_hit', 'spatie.permission.cache', NULL),
	(383, 1741617279, 'cache_hit', 'spatie.permission.cache', NULL),
	(384, 1741617279, 'cache_hit', 'spatie.permission.cache', NULL),
	(385, 1741617279, 'cache_hit', 'spatie.permission.cache', NULL),
	(386, 1741617279, 'cache_hit', 'spatie.permission.cache', NULL),
	(387, 1741617279, 'cache_hit', 'spatie.permission.cache', NULL),
	(388, 1741617279, 'cache_hit', 'spatie.permission.cache', NULL),
	(389, 1741617279, 'cache_hit', 'spatie.permission.cache', NULL),
	(390, 1741617283, 'user_request', '1', NULL),
	(391, 1741617283, 'cache_hit', 'spatie.permission.cache', NULL),
	(392, 1741617283, 'cache_hit', 'lv:v3.11.2:file:fb933160-error.log.9.gz:metadata', NULL),
	(393, 1741617283, 'cache_hit', 'lv:v3.11.2:file:fad49617-error.log.8.gz:metadata', NULL),
	(394, 1741617283, 'cache_hit', 'lv:v3.11.2:file:a846fcb6-error.log.7.gz:metadata', NULL),
	(395, 1741617283, 'cache_hit', 'lv:v3.11.2:file:c2a6b6ea-error.log.6.gz:metadata', NULL),
	(396, 1741617283, 'cache_hit', 'lv:v3.11.2:file:5a02fdbc-error.log.5.gz:metadata', NULL),
	(397, 1741617283, 'cache_hit', 'lv:v3.11.2:file:fb212820-error.log.4.gz:metadata', NULL),
	(398, 1741617283, 'cache_hit', 'lv:v3.11.2:file:b6ce8292-error.log.3.gz:metadata', NULL),
	(399, 1741617283, 'cache_hit', 'lv:v3.11.2:file:3f377e46-error.log.2.gz:metadata', NULL),
	(400, 1741617283, 'cache_hit', 'lv:v3.11.2:file:4fa27d53-error.log.14.gz:metadata', NULL),
	(401, 1741617283, 'cache_hit', 'lv:v3.11.2:file:227afce2-error.log.13.gz:metadata', NULL),
	(402, 1741617283, 'cache_hit', 'lv:v3.11.2:file:74bd32b4-error.log.12.gz:metadata', NULL),
	(403, 1741617283, 'cache_hit', 'lv:v3.11.2:file:1c55433b-error.log.11.gz:metadata', NULL),
	(404, 1741617283, 'cache_hit', 'lv:v3.11.2:file:36b485a6-error.log.10.gz:metadata', NULL),
	(405, 1741617283, 'cache_hit', 'lv:v3.11.2:file:a9810ffd-error.log.1:metadata', NULL),
	(406, 1741617283, 'cache_hit', 'lv:v3.11.2:file:9bfcaedc-error.log:metadata', NULL),
	(407, 1741617283, 'cache_hit', 'lv:v3.11.2:file:77058129-ems_error.log:metadata', NULL),
	(408, 1741617283, 'cache_hit', 'lv:v3.11.2:file:b333736d-ems_access.log:metadata', NULL),
	(409, 1741617283, 'cache_hit', 'lv:v3.11.2:file:7bdff8c9-access.log.9.gz:metadata', NULL),
	(410, 1741617283, 'cache_hit', 'lv:v3.11.2:file:8e8f1fa2-access.log.8.gz:metadata', NULL),
	(411, 1741617283, 'cache_hit', 'lv:v3.11.2:file:7a808374-access.log.7.gz:metadata', NULL),
	(412, 1741617283, 'cache_hit', 'lv:v3.11.2:file:998d6dcd-access.log.6.gz:metadata', NULL),
	(413, 1741617283, 'cache_hit', 'lv:v3.11.2:file:ade9f459-access.log.5.gz:metadata', NULL),
	(414, 1741617283, 'cache_hit', 'lv:v3.11.2:file:2deb7e8a-access.log.4.gz:metadata', NULL),
	(415, 1741617283, 'cache_hit', 'lv:v3.11.2:file:39f0cbc0-access.log.3.gz:metadata', NULL),
	(416, 1741617283, 'cache_hit', 'lv:v3.11.2:file:ef6b480c-access.log.2.gz:metadata', NULL),
	(417, 1741617283, 'cache_hit', 'lv:v3.11.2:file:1ba34915-access.log.14.gz:metadata', NULL),
	(418, 1741617283, 'cache_hit', 'lv:v3.11.2:file:9897f97e-access.log.13.gz:metadata', NULL),
	(419, 1741617283, 'cache_hit', 'lv:v3.11.2:file:5fec0cd2-access.log.12.gz:metadata', NULL),
	(420, 1741617283, 'cache_hit', 'lv:v3.11.2:file:3ac4c887-access.log.11.gz:metadata', NULL),
	(421, 1741617283, 'cache_hit', 'lv:v3.11.2:file:e38c9e2c-access.log.10.gz:metadata', NULL),
	(422, 1741617283, 'cache_hit', 'lv:v3.11.2:file:62a2f40a-access.log.1:metadata', NULL),
	(423, 1741617283, 'cache_hit', 'lv:v3.11.2:file:51fab2a2-access.log:metadata', NULL),
	(424, 1741617283, 'cache_hit', 'lv:v3.11.2:file:d99a4641-EMS_error.log:metadata', NULL),
	(425, 1741617283, 'cache_hit', 'lv:v3.11.2:file:f5136dbb-EMS_access.log.1:metadata', NULL),
	(426, 1741617283, 'cache_hit', 'lv:v3.11.2:file:406ff394-EMS_access.log:metadata', NULL),
	(427, 1741617283, 'cache_hit', 'lv:v3.11.2:file:7c32c5d6-laravel.log:metadata', NULL),
	(428, 1741617289, 'cache_hit', 'lv:v3.11.2:file:fb933160-error.log.9.gz:metadata', NULL),
	(429, 1741617289, 'cache_hit', 'lv:v3.11.2:file:fad49617-error.log.8.gz:metadata', NULL),
	(430, 1741617289, 'cache_hit', 'lv:v3.11.2:file:a846fcb6-error.log.7.gz:metadata', NULL),
	(431, 1741617289, 'cache_hit', 'lv:v3.11.2:file:c2a6b6ea-error.log.6.gz:metadata', NULL),
	(432, 1741617289, 'cache_hit', 'lv:v3.11.2:file:5a02fdbc-error.log.5.gz:metadata', NULL),
	(433, 1741617289, 'cache_hit', 'lv:v3.11.2:file:fb212820-error.log.4.gz:metadata', NULL),
	(434, 1741617289, 'cache_hit', 'lv:v3.11.2:file:b6ce8292-error.log.3.gz:metadata', NULL),
	(435, 1741617289, 'cache_hit', 'lv:v3.11.2:file:3f377e46-error.log.2.gz:metadata', NULL),
	(436, 1741617289, 'cache_hit', 'lv:v3.11.2:file:4fa27d53-error.log.14.gz:metadata', NULL),
	(437, 1741617289, 'cache_hit', 'lv:v3.11.2:file:227afce2-error.log.13.gz:metadata', NULL),
	(438, 1741617289, 'cache_hit', 'lv:v3.11.2:file:74bd32b4-error.log.12.gz:metadata', NULL),
	(439, 1741617289, 'cache_hit', 'lv:v3.11.2:file:1c55433b-error.log.11.gz:metadata', NULL),
	(440, 1741617289, 'cache_hit', 'lv:v3.11.2:file:36b485a6-error.log.10.gz:metadata', NULL),
	(441, 1741617289, 'cache_hit', 'lv:v3.11.2:file:a9810ffd-error.log.1:metadata', NULL),
	(442, 1741617289, 'cache_hit', 'lv:v3.11.2:file:9bfcaedc-error.log:metadata', NULL),
	(443, 1741617289, 'cache_hit', 'lv:v3.11.2:file:77058129-ems_error.log:metadata', NULL),
	(444, 1741617289, 'cache_hit', 'lv:v3.11.2:file:b333736d-ems_access.log:metadata', NULL),
	(445, 1741617289, 'cache_hit', 'lv:v3.11.2:file:7bdff8c9-access.log.9.gz:metadata', NULL),
	(446, 1741617289, 'cache_hit', 'lv:v3.11.2:file:8e8f1fa2-access.log.8.gz:metadata', NULL),
	(447, 1741617289, 'cache_hit', 'lv:v3.11.2:file:7a808374-access.log.7.gz:metadata', NULL),
	(448, 1741617289, 'cache_hit', 'lv:v3.11.2:file:998d6dcd-access.log.6.gz:metadata', NULL),
	(449, 1741617289, 'cache_hit', 'lv:v3.11.2:file:ade9f459-access.log.5.gz:metadata', NULL),
	(450, 1741617289, 'cache_hit', 'lv:v3.11.2:file:2deb7e8a-access.log.4.gz:metadata', NULL),
	(451, 1741617289, 'cache_hit', 'lv:v3.11.2:file:39f0cbc0-access.log.3.gz:metadata', NULL),
	(452, 1741617289, 'cache_hit', 'lv:v3.11.2:file:ef6b480c-access.log.2.gz:metadata', NULL),
	(453, 1741617289, 'cache_hit', 'lv:v3.11.2:file:1ba34915-access.log.14.gz:metadata', NULL),
	(454, 1741617289, 'cache_hit', 'lv:v3.11.2:file:9897f97e-access.log.13.gz:metadata', NULL),
	(455, 1741617289, 'cache_hit', 'lv:v3.11.2:file:5fec0cd2-access.log.12.gz:metadata', NULL),
	(456, 1741617289, 'cache_hit', 'lv:v3.11.2:file:3ac4c887-access.log.11.gz:metadata', NULL),
	(457, 1741617289, 'cache_hit', 'lv:v3.11.2:file:e38c9e2c-access.log.10.gz:metadata', NULL),
	(458, 1741617289, 'cache_hit', 'lv:v3.11.2:file:62a2f40a-access.log.1:metadata', NULL),
	(459, 1741617289, 'cache_hit', 'lv:v3.11.2:file:51fab2a2-access.log:metadata', NULL),
	(460, 1741617289, 'cache_hit', 'lv:v3.11.2:file:d99a4641-EMS_error.log:metadata', NULL),
	(461, 1741617289, 'cache_hit', 'lv:v3.11.2:file:f5136dbb-EMS_access.log.1:metadata', NULL),
	(462, 1741617289, 'cache_hit', 'lv:v3.11.2:file:406ff394-EMS_access.log:metadata', NULL),
	(463, 1741617289, 'cache_hit', 'lv:v3.11.2:file:7c32c5d6-laravel.log:metadata', NULL),
	(464, 1741617289, 'cache_hit', 'lv:v3.11.2:file:7c32c5d6-laravel.log:ecf8427e:metadata', NULL),
	(465, 1741617289, 'cache_hit', 'lv:v3.11.2:file:7c32c5d6-laravel.log:ecf8427e:chunk:0', NULL),
	(466, 1741617290, 'user_request', '1', NULL),
	(467, 1741617290, 'cache_hit', 'spatie.permission.cache', NULL),
	(468, 1741617306, 'user_request', '1', NULL),
	(469, 1741617307, 'cache_hit', 'spatie.permission.cache', NULL);

-- Volcando estructura para tabla sendpost.pulse_values
CREATE TABLE IF NOT EXISTS `pulse_values` (
  `id` bigint(20) unsigned NOT NULL AUTO_INCREMENT,
  `timestamp` int(10) unsigned NOT NULL,
  `type` varchar(255) NOT NULL,
  `key` mediumtext NOT NULL,
  `key_hash` binary(16) GENERATED ALWAYS AS (unhex(md5(`key`))) VIRTUAL,
  `value` mediumtext NOT NULL,
  PRIMARY KEY (`id`),
  UNIQUE KEY `pulse_values_type_key_hash_unique` (`type`,`key_hash`),
  KEY `pulse_values_timestamp_index` (`timestamp`),
  KEY `pulse_values_type_index` (`type`)
) ENGINE=InnoDB DEFAULT CHARSET=utf8mb4 COLLATE=utf8mb4_unicode_ci;

-- Volcando datos para la tabla sendpost.pulse_values: ~0 rows (aproximadamente)

-- Volcando estructura para tabla sendpost.roles
CREATE TABLE IF NOT EXISTS `roles` (
  `id` bigint(20) unsigned NOT NULL AUTO_INCREMENT,
  `name` varchar(255) NOT NULL,
  `guard_name` varchar(255) NOT NULL,
  `created_at` timestamp NULL DEFAULT NULL,
  `updated_at` timestamp NULL DEFAULT NULL,
  PRIMARY KEY (`id`),
  UNIQUE KEY `roles_name_guard_name_unique` (`name`,`guard_name`)
) ENGINE=InnoDB AUTO_INCREMENT=4 DEFAULT CHARSET=utf8mb4 COLLATE=utf8mb4_unicode_ci;

-- Volcando datos para la tabla sendpost.roles: ~3 rows (aproximadamente)
INSERT INTO `roles` (`id`, `name`, `guard_name`, `created_at`, `updated_at`) VALUES
	(1, 'Administrador', 'web', '2025-02-26 00:56:01', '2025-02-26 00:56:01'),
	(2, 'Cartero', 'web', '2025-02-26 00:56:11', '2025-02-26 00:56:11'),
	(3, 'Encargado', 'web', '2025-02-26 00:56:21', '2025-02-26 00:56:21');

-- Volcando estructura para tabla sendpost.role_has_permissions
CREATE TABLE IF NOT EXISTS `role_has_permissions` (
  `permission_id` bigint(20) unsigned NOT NULL,
  `role_id` bigint(20) unsigned NOT NULL,
  PRIMARY KEY (`permission_id`,`role_id`),
  KEY `role_has_permissions_role_id_foreign` (`role_id`),
  CONSTRAINT `role_has_permissions_permission_id_foreign` FOREIGN KEY (`permission_id`) REFERENCES `permissions` (`id`) ON DELETE CASCADE,
  CONSTRAINT `role_has_permissions_role_id_foreign` FOREIGN KEY (`role_id`) REFERENCES `roles` (`id`) ON DELETE CASCADE
) ENGINE=InnoDB DEFAULT CHARSET=utf8mb4 COLLATE=utf8mb4_unicode_ci;

-- Volcando datos para la tabla sendpost.role_has_permissions: ~12 rows (aproximadamente)
INSERT INTO `role_has_permissions` (`permission_id`, `role_id`) VALUES
	(1, 1),
	(1, 2),
	(1, 3),
	(2, 1),
	(2, 2),
	(2, 3),
	(3, 1),
	(3, 2),
	(3, 3),
	(4, 1),
	(4, 2),
	(5, 1);

-- Volcando estructura para tabla sendpost.users
CREATE TABLE IF NOT EXISTS `users` (
  `id` bigint(20) unsigned NOT NULL AUTO_INCREMENT,
  `name` varchar(255) NOT NULL,
  `email` varchar(255) NOT NULL,
  `ci` int(11) DEFAULT NULL,
  `email_verified_at` timestamp NULL DEFAULT NULL,
  `password` varchar(255) NOT NULL,
  `city` varchar(50) DEFAULT NULL,
  `remember_token` varchar(100) DEFAULT NULL,
  `created_at` timestamp NULL DEFAULT NULL,
  `updated_at` timestamp NULL DEFAULT NULL,
  `deleted_at` timestamp NULL DEFAULT NULL,
  PRIMARY KEY (`id`),
  UNIQUE KEY `users_email_unique` (`email`)
) ENGINE=InnoDB AUTO_INCREMENT=3 DEFAULT CHARSET=utf8mb4 COLLATE=utf8mb4_unicode_ci;

-- Volcando datos para la tabla sendpost.users: ~2 rows (aproximadamente)
INSERT INTO `users` (`id`, `name`, `email`, `ci`, `email_verified_at`, `password`, `city`, `remember_token`, `created_at`, `updated_at`, `deleted_at`) VALUES
	(1, 'Marco Antonio Espinoza Rojas', 'marco.espinoza@correos.gob.bo', 10909669, NULL, '$2y$10$VOn55.vOVzJM1CaXAJu9WeI8IpfNSO1B0ngvH30tRxha1JdQVL9KG', 'LA PAZ', NULL, '2024-10-24 00:43:33', '2025-02-26 23:01:13', NULL),
	(2, 'Leonardo Doria Medina Ochoa', 'leonardo.doriamedina@correos.gob.bo', 6727073, NULL, '$2y$10$1VDveoZDsNraHQDqAe/VMex73McizAxf4yLaBNXb04kRNiR63FXOy', 'LA PAZ', 'DCpBsGOb1DXf2zVPoWKk7axOtxw7NBW9h54YEDk2jH3ezFTroIqvCTIUB7Uu', '2025-02-26 17:41:09', '2025-02-26 17:41:09', NULL);

/*!40103 SET TIME_ZONE=IFNULL(@OLD_TIME_ZONE, 'system') */;
/*!40101 SET SQL_MODE=IFNULL(@OLD_SQL_MODE, '') */;
/*!40014 SET FOREIGN_KEY_CHECKS=IFNULL(@OLD_FOREIGN_KEY_CHECKS, 1) */;
/*!40101 SET CHARACTER_SET_CLIENT=@OLD_CHARACTER_SET_CLIENT */;
/*!40111 SET SQL_NOTES=IFNULL(@OLD_SQL_NOTES, 1) */;
